PDB ID,Protherm ID,Residue Number,Chain,Wild Type,Mutation,Experimental DDG
1STN,2199,122,A,E,F,0.8
1STN,1711,139,A,I,A,3.5
1AAR,3,45,A,F,W,-0.6
1TUP,2256,273,A,R,H,0.35
1LZ1,1076,110,A,V,L,-0.0717017208413002
1STN,1909,129,A,E,F,4.0
1CYC,521,73,A,K,Y,1.05
1PIN,1226,16,A,S,A,0.442160611854685
1LZ1,1075,32,A,A,L,0.0956022944550669
1L63,876,144,A,N,E,-0.5
1BVC,372,135,A,L,A,1.7
1STN,1720,62,A,T,S,2.1
1A2P,124,53,A,G,A,3.4
2LZM,2715,3,A,I,V,0.4
2BQA,2502,99,A,V,A,0.884321223709
5AZU,2970,33,A,L,A,1.67304015296367
4LYZ,2915,12,A,M,F,-0.28
1QLP,1309,331,A,K,T,-0.43
1DYJ,1567,59,A,N,T,0.32
4LYZ,2897,40,A,T,S,0.27
1DYJ,1526,31,A,F,V,1.5
1PIN,1221,15,A,M,A,0.590344168260038
1L63,800,66,A,L,M,1.0
1STN,1938,79,A,G,V,2.4
1FXA,621,48,A,T,A,-0.1
1VQB,2359,45,A,V,L,3.0
1PGA,1172,53,A,T,N,-0.52
1VQB,2324,47,A,I,V,2.0
1STN,1755,54,A,Y,L,3.4
1QLP,1306,364,A,V,I,-0.4
1LZ1,1006,96,A,A,S,1.0038240917782
1FTG,604,50,A,L,A,-0.05
1BVC,356,135,A,L,I,1.54
1VQB,2288,78,A,I,T,6.6
5AZU,2972,48,A,W,A,3.34608030592734
1RN1,1392,16,B,V,T,3.2
1VQB,2348,73,A,F,W,-0.76
1L63,815,44,A,S,D,0.11
1L63,891,44,A,S,Y,-0.19
1STN,2103,92,A,I,A,4.0
1PIN,1259,25,A,F,A,2.13671128107075
1STN,1741,51,A,V,I,-0.1
1STN,1934,73,A,E,G,2.7
1OH0,1155,16,A,Y,S,11.9
2ZTA,2820,28,A,K,A,0.06
1VQB,2357,24,A,K,V,-0.8
1SHG,1654,18,A,K,F,-2.33
2RN2,2781,52,A,A,N,1.79
1TEN,2212,882,A,S,A,2.82
1STN,1672,78,A,K,F,-0.1
1A2P,66,18,A,H,S,2.1
1STN,1686,96,A,G,F,3.0
2LZM,2690,3,A,I,D,3.2
1BPI,296,3,A,D,A,-0.2
1ROP,1449,30,A,D,R,-0.8
1STN,2135,48,A,K,E,0.0
2CI2,2520,51,I,L,V,1.02
1STN,1730,48,A,K,G,-0.2
1POH,1273,49,A,K,D,-1.5
1CSP,512,20,A,V,K,1.95984703632887
2IFB,2607,65,A,G,A,1.33
1FKJ,547,75,A,T,V,0.81
1UBQ,2268,33,A,K,Q,0.908221797323136
1A2P,194,78,A,Y,F,1.14
1STN,1771,70,A,K,F,0.2
2CI2,2566,49,I,I,T,1.34
1L63,944,44,A,S,W,-0.05
1FKJ,560,50,A,L,A,2.57
2LZM,2699,117,A,S,I,-1.7
3MBP,2848,55,A,D,N,0.0
1HFZ,690,103,A,Y,A,2.39005736137667
1RTB,1462,54,A,V,G,4.86615678776291
1STN,2012,115,A,Y,L,0.3
1STN,2015,89,A,L,F,1.2189292543
1FTG,592,18,A,V,I,-0.27
1BPI,306,36,A,G,A,2.1
1RTB,1471,54,A,V,I,1.94550669216061
1PIN,1245,29,A,T,A,1.24521988527725
1L63,947,93,A,A,S,0.2
2TRX,2808,78,A,L,K,3.9
1STN,1832,49,A,K,G,0.2
2RN2,2759,62,A,H,D,0.17
1PGA,1178,53,A,T,I,-0.1
1A2P,81,6,A,T,E,0.27
1ONC,1169,28,A,F,A,4.99521988527725
1TEN,2236,835,A,L,A,4.29
1RN1,1410,76,B,D,N,3.51
1A2P,75,23,A,N,A,2.2
1L63,816,50,A,I,A,2.9
2BQA,2501,93,A,V,A,1.00382409178
2RN2,2769,10,A,D,S,-2.67
1TEN,2223,830,A,I,A,1.38
451C,2880,78,A,V,I,-0.06
1H7M,657,90,A,E,A,0.406309751434034
2RN2,2747,52,A,A,T,0.82
2CI2,2540,42,I,D,A,1.05
1TPK,2250,65,A,V,M,2.2
1IO2,734,6,A,I,A,2.91586998087954
2LZM,2717,131,A,V,M,-0.12
1SHF,1651,124,A,S,H,1.25
1L63,847,26,A,T,S,-0.57
1BVC,370,135,A,L,V,2.25
1STN,1805,49,A,K,F,0.0
1IOB,750,7,A,N,D,-0.43
1STN,2137,7,A,L,G,1.5
1L63,924,106,A,M,I,-0.2
1QLP,1281,250,A,A,I,0.4
1VQB,2285,49,A,L,A,6.1
1STN,1827,19,A,D,K,0.3
1L63,844,104,A,F,A,2.7
1C9O,410,23,A,G,Q,0.0
1A2P,86,65,A,G,S,-0.98
1RTB,1488,63,A,V,G,3.49665391969407
1FXA,631,42,A,R,H,1.4
1LZ1,1058,59,A,I,Y,3.77629063097514
1STN,1775,65,A,M,L,0.8
1HFZ,689,107,A,H,A,0.788718929254302
1BPI,311,39,A,R,A,0.0
1STN,1960,131,A,Q,F,0.7
1DYJ,1575,59,A,N,E,2.09
1STN,2194,81,A,R,A,1.1
1FKJ,569,27,A,T,V,-0.23
1PIN,1251,18,A,S,G,-0.0215105162523901
1STN,2029,99,A,V,T,3.3
1PGA,1183,49,A,T,A,0.860420650095602
1L63,860,40,A,N,A,-0.32
1AMQ,28,294,A,N,R,2.6
1VQB,2333,41,A,Y,A,0.4
1STN,2201,62,A,T,A,2.4
1STN,1983,141,A,S,A,0.4
1RN1,1390,21,B,A,H,0.17
1HFZ,684,54,A,Q,A,0.406309751434034
1RN1,1435,21,B,A,S,0.4
1BVC,341,77,A,K,A,0.05
1MGR,1116,55,A,Y,F,2.1
2LZM,2633,156,A,G,D,4.07
1MSI,1132,36,A,D,A,-0.95
1STN,1906,33,A,T,A,1.4
1STN,1666,82,A,T,A,0.9
1POH,1272,49,A,K,S,-1.0
1A2P,84,55,A,I,T,1.0
1PIN,1238,23,A,Y,L,1.18068833652008
3BCI,2828,96,A,E,Q,1.06118546845124
1RGG,1331,18,A,T,V,1.4
1L63,826,22,A,E,K,-0.57
1H7M,635,12,A,D,A,-0.239005736137667
1PIN,1216,14,A,R,A,1.63193116634799
1HFZ,677,110,A,L,E,0.191204588910134
1AMQ,29,15,A,D,A,5.8
1LZ1,1091,74,A,V,D,0.430210325047801
2RN2,2736,52,A,A,H,3.59
1L63,958,113,A,G,E,-0.3
1LZ1,1111,93,A,V,T,0.669216061185468
1PGA,1171,47,A,D,A,-0.358508604206501
1STN,1800,71,A,K,G,1.1
1L63,813,152,A,T,V,-0.2
1STN,1713,9,A,K,A,1.4
1L63,787,58,A,I,T,3.4
1LZ1,1064,2,A,V,N,1.33843212237094
1CYO,533,35,A,F,H,2.82026768642
1STN,1697,70,A,K,G,0.5
1LZ1,1092,21,A,R,G,-1.1472275334608
1H7M,636,48,A,D,A,-0.358508604206501
1STN,1977,74,A,V,T,3.8
1LZ1,1047,59,A,I,T,2.22275334608031
1PIN,1257,36,A,R,A,0.291586998087954
1STN,1676,122,A,E,K,2.7
1L63,830,59,A,T,D,1.2
1RTB,1487,123,A,S,A,-0.46
1LZ1,1073,56,A,I,T,6.66826003824092
1STN,2139,93,A,Y,G,7.5
1RN1,1419,81,B,N,A,2.87
1BVC,328,123,A,F,K,2.1
1STN,2156,21,A,D,G,-0.3
2LZM,2696,154,A,R,E,1.1
1STN,2094,116,A,K,F,0.1
1L63,827,122,A,Q,A,0.24
1UBQ,2277,33,A,K,I,-0.597514340344168
1BVC,383,93,A,H,G,-0.05
1L63,790,44,A,S,M,-0.33
1RTB,1483,119,A,H,A,-0.2
1FTG,594,122,A,T,S,0.37
1LVE,987,89,A,Q,H,0.8
1DYJ,1586,139,A,E,Q,0.42
1STN,2002,19,A,D,A,0.1
3CHY,455,13,A,D,A,-2.7
1A2P,169,15,A,Q,G,1.6
1DYJ,1592,59,A,N,H,1.75
2LZM,2684,135,A,K,E,1.0
1LVE,994,30,A,K,T,1.3
1RN1,1434,45,B,Y,W,-0.740917782026769
1STN,1818,127,A,K,A,-0.2
1CSP,504,25,A,D,Q,0.788718929254302
2AFG,2490,21,A,H,Y,-1.01
2RN2,2793,124,A,H,A,-0.0478011472275
1L63,841,87,A,V,T,1.6
1L63,842,11,A,E,N,0.1
1HFZ,683,118,A,W,H,0.597514340344168
1BPI,266,26,A,K,A,0.0
1STN,2181,27,A,Y,S,3.0
2RN2,2752,68,A,S,L,1.00382409178
1DYJ,1595,122,A,D,A,1.6
2LZM,2647,55,A,N,G,0.6
1A2P,185,18,A,H,G,-0.7
1SHF,1647,124,A,S,N,0.73
1PGA,1190,53,A,T,V,-0.94
2LZM,2692,157,A,T,A,0.5
1DYJ,1556,40,A,V,S,2.52
1C9O,426,11,A,N,S,0.0
2LZM,2686,96,A,R,H,2.8
1STN,2171,120,A,T,I,1.7
1LVE,979,94,A,T,H,-0.7
1ANK,41,88,A,R,G,0.2
1AMQ,27,10,A,T,A,1.3
1STN,1743,57,A,E,Q,0.2
1STN,1877,19,A,D,N,0.2
1BPI,314,12,A,G,D,4.3
1BPI,283,43,A,N,G,5.7
1STN,1911,77,A,D,A,3.1
1L63,878,42,A,A,S,2.3
1BVC,394,117,A,S,A,0.26
1HFZ,676,114,A,K,E,0.645315487571702
1STN,1873,13,A,T,V,0.4
2RN2,2749,10,A,D,N,-1.96
1BPI,293,15,A,K,A,0.4
2CI2,2565,33,I,E,Q,0.4
1STN,2037,63,A,K,G,1.5
1C9O,407,21,A,E,A,0.286806883365201
1STN,1888,9,A,K,F,1.2
1STN,1717,120,A,T,G,2.1
4LYZ,2903,13,A,K,D,6.69216061185468
1VQB,2292,32,A,L,H,0.9
1L63,770,98,A,A,S,2.5
1A2P,67,6,A,T,Q,1.87
1A2P,192,26,A,T,D,0.0
1A2P,193,16,A,T,S,1.36
2AKY,2497,169,A,N,D,2.15105162523901
1A2P,196,34,A,G,K,2.7
1ROP,1445,30,A,D,H,-0.9
1STN,1753,48,A,K,F,0.5
1STN,1975,27,A,Y,N,4.0
1CYC,523,73,A,K,W,1.43
1STN,2141,64,A,K,G,0.4
1L63,883,20,A,D,T,-0.9
2AFG,2476,108,A,F,Y,-0.94
2LZM,2727,98,A,A,T,3.83
1FTG,595,20,A,E,K,-1.6
2CI2,2535,26,I,E,Q,0.57
2RN2,2788,52,A,A,D,1.85
2CI2,2593,34,I,E,D,-0.36
1PGA,1179,50,A,K,A,0.454110898661568
1RGG,1343,25,A,D,K,0.9
1H7M,643,28,A,K,A,1.19502868068834
4LYZ,2947,77,A,N,H,0.38
1BPI,270,16,A,A,T,1.7
1MSI,1133,39,A,R,A,0.63
1STN,1882,53,A,K,A,0.2
1DYJ,1594,75,A,V,R,1.2
1RN1,1406,58,B,E,A,0.9
1AMQ,26,294,A,N,D,0.0
2RN2,2799,48,A,E,D,0.22
1DYJ,1520,155,A,I,S,3.93
1LZ1,1033,59,A,I,S,3.58508604206501
1RGG,1349,79,A,D,I,-2.9
1A2P,138,32,A,A,K,0.102
1C9O,409,3,A,R,E,0.836520076481836
1RN1,1411,89,B,V,T,3.07
1SHG,1656,48,A,D,G,-1.05162523900574
2RN2,2773,119,A,E,V,-0.74
1BVC,388,56,A,K,A,0.25
1A2P,190,32,A,A,S,0.1596
1UBQ,2262,18,A,E,D,-0.08
2LZM,2666,144,A,N,D,-0.5
1CSP,483,43,A,E,K,-0.215105162523901
2HMB,2604,126,A,R,K,4.66061185468451
1AMQ,22,266,A,R,K,7.6
1QLP,1294,331,A,K,F,1.31
1RGG,1335,39,A,N,S,2.3
1RN1,1405,89,B,V,S,4.87
2TRX,2812,26,A,D,A,-3.7
219L,2467,163,A,N,D,0.21
451C,2883,70,A,E,Q,0.9
4LYZ,2892,101,A,D,G,-0.45
1PGA,1188,53,A,T,E,0.1
1L63,934,47,A,D,A,0.95
1A2P,203,6,A,T,N,1.27
1L63,918,45,A,E,A,-0.01
1BPI,284,1,A,R,A,0.5
1ANK,38,84,A,D,H,1.4
1RGG,1345,33,A,D,A,6.2
1BPI,303,53,A,R,A,0.1
1LZ1,1079,9,A,A,S,0.0239005736137667
1CSP,471,55,A,N,K,0.215105162523901
1DYJ,1607,59,A,N,K,2.22
4LYZ,2912,114,A,R,H,-0.68
1FTG,585,150,A,D,K,0.28
2LZM,2676,123,A,Q,E,-0.4
2LZM,2644,126,A,W,R,5.74
1DYJ,1549,59,A,N,Q,0.92
1BP2,254,22,A,F,Y,-1.5
1RN1,1400,25,B,Q,K,-0.77
1L63,809,59,A,T,S,0.2
1A2P,109,10,A,V,T,1.99
3PGK,2857,333,A,W,Y,-1.4
1BVC,392,97,A,H,Q,-0.02
1L63,856,41,A,A,S,0.6
2CI2,2594,55,I,T,S,0.98
1ROP,1438,30,A,D,L,0.1
4LYZ,2935,46,A,N,D,0.84
2LZM,2638,11,A,E,F,-1.7
1TEN,2234,867,A,T,S,1.22
1RGG,1320,2,A,V,T,0.9
1L63,919,102,A,M,K,6.9
1LZ1,1108,50,A,R,G,-0.525812619502868
1L63,932,82,A,A,S,0.3
1L63,925,96,A,R,K,0.0
1L63,904,144,A,N,H,-0.3
1VQB,2304,70,A,V,T,3.5
2AFG,2475,93,A,H,N,-0.286806883365201
1CSP,481,56,A,R,Q,-0.310707456978968
1HFZ,670,104,A,W,Y,2.43785850860421
1L63,913,90,A,S,H,1.1
1RN1,1408,59,B,W,Y,0.932122370936902
1RN1,1404,78,B,V,T,4.08
1LZ1,1072,2,A,V,R,0.382409177820268
1PIN,1224,7,A,L,N,0.898661567877629
1HFY,661,30,A,A,T,-1.7
2CRK,2595,122,A,D,N,0.0
1L63,780,119,A,R,H,0.29
2LZM,2694,147,A,K,E,0.7
1L63,776,96,A,R,V,2.4
1LZ1,1007,110,A,V,Y,0.1434034416826
4LYZ,2950,101,A,D,F,-0.72
1ROP,1455,30,A,D,A,-0.3
1BPI,299,17,A,R,A,0.3
1A2P,217,73,A,E,Q,2.7
1L63,936,133,A,L,D,5.7
1VQB,2301,32,A,L,R,1.6
1LVE,989,97,A,S,T,0.3
1QLP,1299,331,A,K,I,0.77
451C,2887,37,A,Q,R,-0.5
1BVC,366,64,A,H,Q,0.35
2RN2,2770,134,A,D,I,-1.26673040153
2RN2,2743,134,A,D,Q,-1.31453154876
2HMB,2600,40,A,T,E,3.27437858508604
1FKJ,568,57,A,R,A,0.81
1H7M,650,42,A,R,A,-0.334608030592734
1AAR,5,6,A,K,Q,-0.262906309751434
1RN1,1414,44,B,N,D,2.0
1CSP,519,39,A,K,Q,0.0717017208413002
2CI2,2578,33,I,E,N,0.28
1BPI,310,35,A,Y,N,3.7
1L63,895,60,A,K,H,0.1
1CYO,527,45,A,V,E,2.67686424474187
2LZM,2722,128,A,E,A,-0.16
2RN2,2730,95,A,K,N,-0.9
1RTB,1476,121,A,D,A,2.2
1FKJ,552,61,A,E,A,0.84
1ROP,1443,30,A,D,K,-0.9
1C2R,399,32,A,K,E,-0.4
1A2P,189,54,A,D,A,2.86
1CSP,478,21,A,E,Q,0.239005736137667
1BPI,316,20,A,R,A,1.8
1DYJ,1570,28,A,L,R,-1.7
1HFZ,674,114,A,K,Q,0.597514340344168
1H7M,639,21,A,R,A,-0.0717017208413002
1L63,950,48,A,K,A,0.56
2CI2,2575,37,I,K,A,0.99
1CSP,517,53,A,E,Q,-0.167304015296367
1RN1,1436,49,B,D,H,-1.1
1RN1,1423,76,B,D,A,3.7
1PGA,1191,53,A,T,D,0.9
1RIS,1368,22,A,E,Q,0.4
1OH0,1156,32,A,Y,S,13.7
1A2P,215,83,A,R,Q,2.05
1CSP,487,66,A,E,L,-1.33843212237094
1C2R,398,14,A,K,E,0.9
1H7M,634,92,A,R,A,0.310707456978968
4LYZ,2905,102,A,G,R,-0.38
1PIN,1258,6,A,K,A,-0.15057361376673
1TEN,2222,887,A,E,A,-1.61
1CSP,476,55,A,N,D,-0.478011472275335
1SHF,1643,124,A,S,R,0.18
1BVC,345,36,A,H,Q,1.17
1LZ1,1062,102,A,D,N,-0.0717017208413002
5CRO,2985,26,A,Y,D,-2.7
1CSP,488,24,A,D,K,0.597514340344168
1L63,834,96,A,R,Y,4.7
1BOY,252,200,A,R,W,-0.6
1BVC,378,44,A,D,A,0.15
1BPI,285,49,A,E,A,0.2
1BVC,335,130,A,A,K,3.7
1VQB,2336,30,A,E,F,-2.1
1PIN,1261,29,A,T,D,1.33365200764818
1L63,916,42,A,A,K,3.7
1UBQ,2258,27,A,K,A,2.7
1A2P,210,16,A,T,R,-0.74
1L63,862,20,A,D,N,-1.3
1AYF,52,56,A,H,R,1.15917782026769
1RGG,1341,85,A,H,Q,0.0
1IOB,747,9,A,T,Q,2.8
2RN2,2778,134,A,D,L,-1.50573613767
4LYZ,2940,73,A,R,K,-0.23
1CSP,474,42,A,E,K,0.0
1CSP,516,10,A,N,D,-0.262906309751434
2HPR,2606,46,A,S,D,-0.74
1SUP,2209,218,A,N,S,-1.07
1ROP,1437,30,A,D,Q,-1.8
1A2P,64,73,A,E,W,2.2
1RGG,1342,79,A,D,Y,-2.9
1L63,798,44,A,S,E,0.0
1L63,797,151,A,T,S,-0.39
1A2P,60,8,A,D,G,1.3
1CSP,499,25,A,D,K,1.45793499043977
1BVC,396,60,A,D,A,0.1
1PGA,1193,53,A,T,S,-0.87
1RGG,1332,79,A,D,E,0.3
1PGA,1206,53,A,T,R,0.1
2IMM,2625,90,A,N,Q,-1.05162523900574
1QLP,1305,387,A,K,R,-1.0
4LYZ,2921,19,A,N,K,1.06
1CYO,535,61,A,V,K,2.39005736137667
1L63,805,14,A,R,K,0.03
2RN2,2764,134,A,D,V,-1.12332695985
1PGA,1180,53,A,T,Q,-0.38
2RN2,2765,117,A,K,R,-0.03
1SHF,1631,124,A,S,T,1.65
1IO2,732,105,A,D,A,-1.5774378585086
2LZM,2661,131,A,V,D,-0.08
3CHY,456,57,A,D,A,-3.3
4LYZ,2907,101,A,D,N,-0.04
1VQB,2298,50,A,D,H,1.5
1A2P,191,18,A,H,K,0.92
1CSP,472,3,A,E,R,-0.884321223709369
2RN2,2804,135,A,E,K,0.22
1LVE,980,38,A,Q,N,1.1
1FKJ,559,21,A,T,S,1.44
1RGG,1352,79,A,D,R,-2.7
1CSP,492,65,A,K,Q,0.956022944550669
1SHF,1639,124,A,S,K,-0.11
2CRK,2596,122,A,D,A,0.0
3CHY,453,12,A,D,A,-2.5
1DYJ,1578,139,A,E,K,1.0
2RN2,2731,70,A,D,N,-1.57
1OIA,1164,13,A,Y,T,1.3
4LYZ,2895,101,A,D,R,-0.27
4LYZ,2923,91,A,S,Y,3.07
1RGG,1329,39,A,N,D,1.5
1FXA,623,94,A,E,K,0.4
1POH,1269,49,A,K,E,-1.9
1ROP,1457,30,A,D,Y,-0.2
1HFZ,687,107,A,H,Y,0.191204588910134
2LZM,2641,131,A,V,E,-0.2
1IGV,708,19,A,D,N,-0.740917782027
1SHF,1637,124,A,S,Y,2.27
1LZ1,1026,18,A,D,N,1.69694072657744
1A2P,163,34,A,G,D,3.2
1A2P,197,83,A,R,K,4.13
1C9O,412,56,A,R,E,-0.764818355640535
2LZM,2642,157,A,T,D,2.39
1DYJ,1550,121,A,G,D,-0.19
2HMB,2603,106,A,R,T,3.53728489483748
1ROP,1442,30,A,D,T,0.4
2CI2,2564,58,I,T,D,0.04
2IMM,2623,79,A,Q,E,0.406309751434034
3SSI,2869,73,A,M,K,-0.35
3SSI,2871,73,A,M,D,-1.6
1CLW,464,382,A,R,S,17.4
1VQB,2280,36,A,D,N,1.0
1POH,1271,49,A,K,N,-0.3
1LVE,983,27D,A,Y,D,-1.7
1LZ1,1069,120,A,D,N,-0.0478011472275335
1A2P,121,32,A,A,R,0.1988
1DYJ,1515,30,A,W,E,2.89
1CSP,491,19,A,E,K,0.501912045889101
1L63,820,11,A,E,H,-0.1
1QLP,1313,330,A,S,R,-2.02
1L63,869,40,A,N,D,-0.44
3D2A,2831,134,A,M,E,-0.66
2RN2,2776,91,A,K,R,0.0
1CSP,480,13,A,K,E,0.310707456978968
4LYZ,2919,101,A,D,Q,0.08
4LYZ,2906,91,A,S,D,2.31
1DYJ,1574,67,A,G,D,0.14
2HMB,2605,126,A,R,Q,0.621414913957935
1C9O,428,66,A,L,E,0.836520076481836
451C,2889,43,A,E,Y,-1.12810707456979
1AYF,49,76,A,D,E,-0.454110898661568
1FTG,607,65,A,D,K,0.26
1LZ1,1055,2,A,V,D,1.434034416826
1ROP,1439,30,A,D,E,-1.0
2LZM,2681,51,A,G,D,2.63
1L63,941,96,A,R,Q,0.3
1L63,843,92,A,D,N,1.4
1RGG,1338,94,A,Q,K,-0.3
1A2P,206,54,A,D,N,1.78
1AAR,4,6,A,K,E,-0.525812619502868
1A2P,106,41,A,N,D,2.62
1POH,1264,46,A,S,D,-1.5
4LYZ,2925,21,A,R,Q,0.15
1AAR,6,27,A,K,Q,1.91204588910134
1A2P,132,93,A,D,N,4.11
2LZM,2703,157,A,T,E,0.8
4LYZ,2914,101,A,D,E,0.0
1RGG,1324,25,A,D,H,-0.9
2CI2,2541,72,I,K,N,1.21
1A2P,164,69,A,R,K,3.13
1FTG,612,72,A,E,K,-1.28
1A2P,208,19,A,K,R,-0.88
1L63,831,120,A,M,K,1.6
1VQB,2315,69,A,K,H,1.2
1LZ1,1112,74,A,V,R,0.0717017208413002
1DYJ,1581,155,A,I,E,3.26
1CYO,530,61,A,V,E,1.05162523900574
2RN2,2777,10,A,D,H,-2.37
1DYJ,1547,40,A,V,R,1.72
1PGA,1184,53,A,T,K,-0.35
1SUP,2208,76,A,N,D,-0.45
1CSP,495,19,A,E,Q,0.1434034416826
2LZM,2728,38,A,S,D,1.2
1CLW,467,244,A,G,R,4.0
1CSP,503,1,A,M,R,-1.74474187380497
2LZM,2695,128,A,E,K,1.16
1RN1,1433,21,B,A,E,0.69
1L63,811,96,A,R,E,2.5
1EL1,540,109,A,V,K,0.430210325047801
2RN2,2742,52,A,A,K,5.93
2RN2,2763,10,A,D,E,-0.96
2RN2,2757,134,A,D,T,-1.07552581262
1CSP,473,21,A,E,K,0.0717017208413002
1C2R,397,12,A,K,D,1.1
2LZM,2646,105,A,Q,E,1.1
1RN1,1431,21,B,A,R,0.41
1A2P,127,62,A,K,R,0.32
1A2P,180,108,A,K,R,-0.78
1FRD,584,42,A,H,R,-4.0
1IOB,751,97,A,K,R,3.1
1CLW,463,323,A,G,D,0.4
1AAR,8,29,A,K,N,1.67304015296367
1BPI,262,37,A,G,D,1.7
4LYZ,2936,68,A,R,K,0.04
1A2P,105,12,A,D,S,0.9
1AMQ,36,265,A,E,Q,6.3
1HFZ,675,110,A,L,R,-0.430210325047801
1IGV,711,26,A,E,Q,-0.0956022944551
1RN1,1403,21,B,A,K,0.51
1RGG,1333,74,A,E,K,-1.1
1IOB,757,4,A,R,Q,1.0
2LZM,2675,119,A,R,E,0.0
1CSP,485,13,A,K,Q,0.167304015296367
1LVE,984,30,A,K,R,1.0
1PIN,1220,26,A,N,D,1.87858508604206
1CSP,518,66,A,E,K,-2.17495219885277
2CI2,2549,75,I,N,D,1.51
4LYZ,2924,103,A,N,D,-0.239005736137667
2RN2,2775,53,A,I,D,4.1
1FTG,603,61,A,E,K,-0.88
2LZM,2635,115,A,T,E,-0.3
2LZM,2680,3,A,I,E,2.0
1L63,930,83,A,K,H,0.4
1DYJ,1606,155,A,I,R,3.28
1L63,810,106,A,M,K,3.4
1LZ1,1021,110,A,V,D,-0.167304015296367
1A2P,100,32,A,A,D,0.4143
1AMQ,18,265,A,E,K,7.6
1DYJ,1553,30,A,W,R,2.49
1DYJ,1573,155,A,I,D,4.1
1UBQ,2269,33,A,K,S,1.31453154875717
2TRX,2810,78,A,L,R,4.0
1C9O,419,3,A,R,K,0.191204588910134
1FTG,615,75,A,D,K,-1.0
3SSI,2873,73,A,M,E,-1.05
1LZ1,1048,110,A,V,R,-0.884321223709369
1KFW,765,197,A,N,K,-0.812619502868069
1BPI,294,35,A,Y,D,3.8
2RN2,2744,70,A,D,E,-0.11
1RGG,1358,79,A,D,K,-2.3
1FTG,618,126,A,D,K,-1.01
1C9O,408,12,A,E,K,0.430210325047801
1A2P,122,18,A,H,D,2.2
1C9O,411,24,A,S,D,-0.0956022944550669
1FKJ,567,56,A,I,D,3.16
1A2P,156,26,A,T,E,0.05
1CSP,482,46,A,A,E,0.597514340344168
1C9O,417,46,A,E,K,0.645315487571702
1VQB,2366,26,A,Y,R,0.4
3MBP,2843,283,A,Y,D,3.2
1SUP,2206,217,A,Y,K,-0.72
1RGG,1319,17,A,D,K,1.1
1AMQ,31,297,A,N,R,4.4
2CI2,2573,33,I,E,D,0.77
1CLW,465,177,A,G,R,2.1
1AMQ,34,68,A,K,E,5.2
1CSP,514,39,A,K,E,0.310707456978968
1A2P,214,34,A,G,R,2.8
2LZM,2685,16,A,K,E,-0.5
1CSP,508,3,A,E,K,-2.74856596558317
1CSP,510,5,A,K,Q,2.19885277246654
1DYJ,1589,155,A,I,K,3.35
1UBQ,2272,33,A,K,E,0.908221797323136
2LZM,2645,116,A,N,D,-0.6
1RN1,1430,21,B,A,D,0.71
1SHG,1658,59,A,K,Y,-0.84
1CSP,502,50,A,E,K,0.645315487571702
1SHF,1641,124,A,S,D,2.02
1AAR,7,29,A,K,Q,1.48183556405354
2RN2,2737,134,A,D,E,-0.860420650096
1A2P,219,6,A,T,D,-0.11
2RN2,2760,52,A,A,E,1.52
1CSP,506,5,A,K,E,3.48948374760994
2IMM,2619,24,A,K,R,0.167304015296367
1CSP,490,46,A,A,K,-1.41013384321224
1CSP,496,48,A,S,E,0.0
1FTG,599,40,A,E,K,-2.21
1CSP,475,12,A,E,K,0.717017208413002
1A2P,114,69,A,R,S,2.72
1A2P,223,32,A,A,E,-0.1328
4LYZ,2901,101,A,D,K,-0.19
1POH,1270,49,A,K,R,0.1
1HFZ,672,114,A,K,N,-2.65296367112811
1UBQ,2271,33,A,K,T,1.0755258126195
1UBQ,2267,33,A,K,N,1.55353728489484
1BPI,317,36,A,G,D,2.8
1FXA,624,94,A,E,D,1.1
2RN2,2746,62,A,H,R,-0.36
1CSP,511,53,A,E,K,0.286806883365201
2LZM,2682,157,A,T,R,-0.3
1CSP,497,48,A,S,R,-1.5774378585086
1RTP,1510,80,1,K,S,0.29
1LVE,988,39,A,K,T,2.6
1CSP,494,48,A,S,K,-0.717017208413002
1POH,1274,49,A,K,Q,-1.6
1CLW,469,285,A,R,K,10.3
1A2P,155,18,A,H,R,1.0
1CSP,470,10,A,N,K,1.5057361376673
2RN2,2783,94,A,D,E,0.4
1L63,889,41,A,A,D,-0.29
1L63,871,44,A,S,K,-0.2
1L63,850,44,A,S,R,-0.24
1L63,909,80,A,R,K,0.17
1L63,777,96,A,R,D,3.5
1L63,929,96,A,R,N,3.0
1L63,793,96,A,R,S,2.6
1L63,874,96,A,R,T,2.8
1STN,1725,10,A,E,K,2.2
1STN,1878,127,A,K,E,0.0
1STN,1931,127,A,K,Q,0.0
1STN,1982,133,A,K,Q,0.5
1STN,2033,135,A,E,K,1.1
1STN,1930,21,A,D,K,-1.0
1STN,1821,27,A,Y,K,3.9
1STN,2129,27,A,Y,R,2.9
1STN,2032,28,A,K,E,0.8
1STN,2082,28,A,K,Q,0.3
1STN,1789,43,A,E,D,-0.2
1STN,2187,48,A,K,Q,0.1
1STN,1692,57,A,E,K,0.1
1STN,1795,63,A,K,E,1.5
1STN,1896,64,A,K,E,1.6
1STN,1951,66,A,V,K,5.2
1STN,2049,70,A,K,E,0.4
1STN,2152,73,A,E,K,2.1
1STN,1708,75,A,E,K,2.3
1STN,1812,77,A,D,K,3.5
1STN,1915,78,A,K,E,0.8
1STN,1887,79,A,G,D,2.28
1STN,2018,84,A,K,E,0.0
1STN,2120,97,A,K,E,0.6
1A2P,59,32,A,A,C,1.8381
1A2P,77,32,A,A,P,4.1259
1A2P,213,6,A,T,P,3.3
1AMQ,33,191,A,C,A,2.2
1AMQ,35,191,A,C,S,1.8
1AMQ,37,192,A,C,A,1.6
1AMQ,19,270,A,C,A,2.5
1AMQ,20,401,A,C,A,-3.2
1AMQ,30,82,A,C,A,1.3
1AXB,42,77,A,C,S,2.48565965583
1AYF,48,95,A,C,S,-0.963193116634799
1BPI,286,13,A,P,A,1.6
1BPI,265,13,A,P,S,1.4
1BPI,290,2,A,P,A,1.3
1BPI,319,8,A,P,A,0.3
1BPI,264,9,A,P,A,0.8
1BVC,361,88,A,P,A,-0.59
1C2R,401,35,A,P,A,2.0
1C2R,400,75,A,Y,C,0.0
1CAH,431,206,A,C,S,-0.1
1DYJ,1540,121,A,G,C,-0.09
1DYJ,1565,59,A,N,C,0.02
1DYJ,1539,59,A,N,P,1.34
1DYJ,1566,66,A,P,A,-1.3
1DYJ,1564,67,A,G,C,0.36
1DYJ,1560,75,A,V,C,-0.1
1FNF,583,1408,A,L,P,0.02
1HFZ,688,103,A,Y,P,0.215105162523901
1IGV,709,20,A,P,G,1.19502868069
1IOB,744,4,A,R,P,0.4
1IOB,752,8,A,C,A,2.52
1IOB,754,8,A,C,S,4.8
1JIW,761,8,I,A,P,-3.2
1KFW,766,253,A,G,P,0.645315487571702
1KFW,768,92,A,G,P,-0.501912045889101
1L63,888,149,A,V,C,2.0
1L63,795,152,A,T,C,0.5
1L63,837,44,A,S,C,0.11
1L63,898,44,A,S,P,3.03
1L63,789,69,A,Q,P,2.9
1L63,807,72,A,D,P,2.7
1L63,828,74,A,A,P,4.6
1L63,893,96,A,R,C,2.9
1L63,853,96,A,R,P,5.5
1LMB,975,78,4,P,A,1.6
1LVE,996,15,A,L,P,1.5
1LVE,985,40,A,P,L,1.7
1LVE,992,96,A,Y,P,1.6
1LZ1,1096,103,A,P,G,0.0
1LZ1,1028,110,A,V,P,-2.4
1LZ1,1014,47,A,A,P,-1.1
1LZ1,1085,71,A,P,G,1.2
1LZ1,1041,77,A,C,A,4.6
1LZ1,1002,91,A,D,P,0.8
1PGA,1204,10,A,K,P,0.2
1PGA,1207,21,A,V,P,-0.5
1PGA,1173,23,A,A,P,0.3
1PGA,1177,24,A,A,P,0.5
1PGA,1181,25,A,T,P,2.8
1PGA,1205,26,A,A,P,3.4
1PGA,1185,29,A,V,P,3.5
1PGA,1197,2,A,T,P,2.7
1PGA,1189,36,A,D,P,3.1
1PGA,1192,48,A,A,P,0.7
1PGA,1199,53,A,T,C,-0.78
1PGA,1200,9,A,G,P,2.4
1PIN,1229,8,A,P,A,0.965583173996176
1PIN,1234,8,A,P,G,0.915391969407266
1PIN,1239,9,A,P,A,0.188814531548757
1PIN,1244,9,A,P,G,0.492351816443595
1QLP,1302,31,A,A,P,-2.5
1QLP,1277,51,A,F,C,-3.01
1RN1,1398,16,B,V,C,5.3
1RN1,1426,21,B,A,C,0.74
1RN1,1425,39,B,P,A,4.33
1RN1,1420,73,B,P,V,2.43785850860421
1RN1,1399,78,B,V,C,3.67
1RN1,1417,89,B,V,C,3.54
1ROP,1447,30,A,D,C,-0.8
1STN,2064,105,A,R,C,2.7
1STN,2115,112,A,A,C,0.8
1STN,2097,120,A,T,C,1.7
1STN,2167,134,A,K,C,0.7
1STN,1740,13,A,T,C,1.4
1STN,1792,22,A,T,C,0.9
1STN,2059,27,A,Y,C,2.9
1STN,1757,29,A,G,C,1.1
1STN,1841,33,A,T,C,1.2
1STN,1892,41,A,T,C,-0.6
1STN,1945,44,A,T,C,0.2
1STN,1809,50,A,G,C,0.8
1STN,1859,57,A,E,C,0.7
1STN,1912,60,A,A,C,1.2
1STN,1996,62,A,T,C,1.1
1STN,1963,70,A,K,C,0.5
1STN,2014,78,A,K,C,0.4
1STN,2046,82,A,T,C,0.1
1SUP,2207,206,A,Q,C,-1.25
1TUP,2253,242,A,C,S,2.94
1VQB,2338,19,A,V,C,0.3
