sample,mutant,date,position,filename,mutant_type,m,Tm,mf,mu,yf,yu
F28V GDP,F28V,20211202,F28,20211202_F28V_GDP_Melt.txt,Toxic/GOF,1058.0655517637965,62.696137798776334,-7.782304525420624e-4,6.054652262912927e-4,-0.09414027098822643,0.869926707273574
F28Y GDP,F28Y,20211202,F28,20211202_F28Y_GDP_Melt.txt,Tolerant,1642.610798810651,77.8361226493369,-0.0027414607491047325,-0.03465428261152436,0.07652071368990514,4.115208923438553
H50N GDP,H50N,20210209,H50,20210209_H50N_GDP_Melt.txt,Toxic/GOF,1707.4570991947662,66.6169246119167,-0.0012306720417798284,-0.01801153182357242,0.043787865324101935,2.3641892880058593
H50R GDP,H50R,20210209,H50,20210209_H50R_GDP_Melt.txt,Tolerant,1831.1661249329159,75.44947637161542,-0.0014059270251802107,-0.020964023332955956,0.1750015409055102,2.782097903013593
F54A GDP,F54A,20210420,F54,20210420_F54A_GDP_Melt.txt,Toxic/GOF,1243.8764739901696,67.79971904711334,7.15883690952592e-4,-0.018182822198750836,0.07735468979139905,2.46377342424109
F54W GDP,F54W,20210420,F54,20210420_F54W_GDP_Melt.txt,Tolerant,1747.1720196639594,79.21798986608812,-0.0042752900281622114,-0.044642278263520685,0.15706204123628262,5.027432261213659
N156A GDP,N156A,20210423,N156,20210423_N156A_GDP_Melt.txt,Toxic/GOF,905.1773733435381,59.246480301551124,9.579229057010406e-4,-0.0015680381456530481,0.060232896412044504,1.1146611612845219
N156W GDP,N156W,20210426,N156,20210426_N156W_GDP_Melt.txt,Tolerant,623.8950407116473,61.32593780995034,0.0029360803959192377,-0.015312514460016817,-0.07813392679506038,2.240911340999095
F159L GDP,F159L,20210419,F159,20210419_F159L_GDP_Melt.txt,Toxic/GOF,1304.4958481224487,72.71709068148316,-0.004142514378135448,-0.029592616481114258,0.18561175550391082,3.525428801165811
F159W GDP,F159W,20210419,F159,20210419_F159W_GDP_Melt.txt,Tolerant,1281.775428219912,88.321273321381355,-8.277089137696967e-4,-0.059792968776815926,0.13586998414523963,7
F163L GDP,F163L,20210212,F163,20210212_F163L_GDP_Melt.txt,Toxic/GOF,1228.3323201491096,64.57776072852234,-0.0011966578135760278,-0.02324941592695119,0.0662017046642326,2.7475798106240528
F163Y GDP,F163Y,20210212,F163,20210212_F163Y_GDP_Melt.txt,Tolerant,1200.5519132882866,79.69495001015522,0.0018904567436130622,-0.024420908691363322,0.04436477745067063,3.3346687109777333
WT GDP,WT,20210423,WT,20210423_WT_GDP_Melt.txt,WT,1566.0736394019445,78.52236005375607,-0.0011958490005177943,-0.03525480097054975,0.0906960958685604,4.173275784814624
