mutant,aa_from,position,aa_to,counts_0gen,counts_6gen
M1*,M,1,*,4205,1532
M1A,M,1,A,7093,3043
M1C,M,1,C,4523,2176
M1D,M,1,D,3084,1272
M1E,M,1,E,4787,1840
M1F,M,1,F,993,500
M1G,M,1,G,14031,5684
M1H,M,1,H,1471,633
M1I,M,1,I,1951,953
M1K,M,1,K,1350,780
M1L,M,1,L,2767,1223
M1M,M,1,M,NA,NA
M1N,M,1,N,505,246
M1P,M,1,P,6882,3459
M1Q,M,1,Q,2941,1214
M1R,M,1,R,7170,3567
M1S,M,1,S,6805,3148
M1T,M,1,T,2768,1269
M1V,M,1,V,3351,1493
M1W,M,1,W,1204,382
M1Y,M,1,Y,1354,490
S2*,S,2,*,3148,1297
S2A,S,2,A,2181,4748
S2C,S,2,C,296,395
S2D,S,2,D,349,614
S2E,S,2,E,753,1666
S2F,S,2,F,745,1259
S2G,S,2,G,3919,7733
S2H,S,2,H,365,657
S2I,S,2,I,441,655
S2K,S,2,K,1010,2039
S2L,S,2,L,2232,4688
S2M,S,2,M,210,401
S2N,S,2,N,860,1530
S2P,S,2,P,1125,2242
S2Q,S,2,Q,666,1010
S2R,S,2,R,2263,4255
S2S,S,2,S,545,1171
S2T,S,2,T,1491,2803
S2V,S,2,V,2018,4522
S2W,S,2,W,242,364
S2Y,S,2,Y,103,90
A3*,A,3,*,2474,809
A3A,A,3,A,140,270
A3C,A,3,C,331,526
A3D,A,3,D,221,296
A3E,A,3,E,836,1459
A3F,A,3,F,1699,2904
A3G,A,3,G,2102,5035
A3H,A,3,H,209,287
A3I,A,3,I,774,1858
A3K,A,3,K,1006,1929
A3L,A,3,L,2078,3491
A3M,A,3,M,39,65
A3N,A,3,N,282,651
A3P,A,3,P,1192,2258
A3Q,A,3,Q,472,884
A3R,A,3,R,1304,2259
A3S,A,3,S,1585,3016
A3T,A,3,T,997,1411
A3V,A,3,V,564,1363
A3W,A,3,W,668,972
A3Y,A,3,Y,164,348
P4*,P,4,*,1807,629
P4A,P,4,A,998,2018
P4C,P,4,C,489,722
P4D,P,4,D,479,1154
P4E,P,4,E,677,954
P4F,P,4,F,2437,4261
P4G,P,4,G,4151,8869
P4H,P,4,H,342,465
P4I,P,4,I,612,873
P4K,P,4,K,840,1431
P4L,P,4,L,1878,2844
P4M,P,4,M,56,91
P4N,P,4,N,454,682
P4P,P,4,P,1095,1821
P4Q,P,4,Q,178,93
P4R,P,4,R,695,1190
P4S,P,4,S,871,1559
P4T,P,4,T,966,2240
P4V,P,4,V,1747,3117
P4W,P,4,W,388,431
P4Y,P,4,Y,133,166
A5*,A,5,*,3973,1610
A5A,A,5,A,1459,2908
A5C,A,5,C,684,1641
A5D,A,5,D,393,1150
A5E,A,5,E,938,2226
A5F,A,5,F,1750,3466
A5G,A,5,G,3961,9357
A5H,A,5,H,604,691
A5I,A,5,I,612,885
A5K,A,5,K,986,1448
A5L,A,5,L,1888,3205
A5M,A,5,M,237,416
A5N,A,5,N,295,801
A5P,A,5,P,3725,8175
A5Q,A,5,Q,1223,1636
A5R,A,5,R,4502,10122
A5S,A,5,S,890,1524
A5T,A,5,T,605,1062
A5V,A,5,V,720,1643
A5W,A,5,W,5665,9005
A5Y,A,5,Y,579,1016
A6*,A,6,*,3244,1352
A6A,A,6,A,298,361
A6C,A,6,C,360,776
A6D,A,6,D,289,365
A6E,A,6,E,627,900
A6F,A,6,F,1264,1636
A6G,A,6,G,3357,6642
A6H,A,6,H,352,689
A6I,A,6,I,686,1383
A6K,A,6,K,651,1631
A6L,A,6,L,1084,1450
A6M,A,6,M,93,91
A6N,A,6,N,130,80
A6P,A,6,P,609,1277
A6Q,A,6,Q,274,787
A6R,A,6,R,2339,3240
A6S,A,6,S,1407,2323
A6T,A,6,T,753,1529
A6V,A,6,V,512,752
A6W,A,6,W,683,1197
A6Y,A,6,Y,311,342
N7*,N,7,*,4386,1601
N7A,N,7,A,1799,4225
N7C,N,7,C,598,793
N7D,N,7,D,179,377
N7E,N,7,E,895,1552
N7F,N,7,F,625,775
N7G,N,7,G,3094,6838
N7H,N,7,H,179,239
N7I,N,7,I,539,615
N7K,N,7,K,786,1689
N7L,N,7,L,1926,3403
N7M,N,7,M,305,959
N7N,N,7,N,26,32
N7P,N,7,P,2006,3318
N7Q,N,7,Q,556,617
N7R,N,7,R,1805,3755
N7S,N,7,S,1427,2424
N7T,N,7,T,752,1216
N7V,N,7,V,982,1613
N7W,N,7,W,1417,3546
N7Y,N,7,Y,288,271
G8*,G,8,*,2942,950
G8A,G,8,A,193,343
G8C,G,8,C,148,528
G8D,G,8,D,902,1266
G8E,G,8,E,259,639
G8F,G,8,F,303,220
G8G,G,8,G,372,1020
G8H,G,8,H,322,729
G8I,G,8,I,216,370
G8K,G,8,K,704,855
G8L,G,8,L,1458,2063
G8M,G,8,M,256,402
G8N,G,8,N,352,534
G8P,G,8,P,1876,3575
G8Q,G,8,Q,280,514
G8R,G,8,R,796,1236
G8S,G,8,S,1134,1762
G8T,G,8,T,1060,1331
G8V,G,8,V,560,576
G8W,G,8,W,173,283
G8Y,G,8,Y,294,333
E9*,E,9,*,2688,918
E9A,E,9,A,583,999
E9C,E,9,C,316,389
E9D,E,9,D,352,506
E9E,E,9,E,192,325
E9F,E,9,F,246,293
E9G,E,9,G,1518,2517
E9H,E,9,H,274,451
E9I,E,9,I,893,1212
E9K,E,9,K,737,1096
E9L,E,9,L,1300,1807
E9M,E,9,M,168,361
E9N,E,9,N,266,337
E9P,E,9,P,1120,1408
E9Q,E,9,Q,179,258
E9R,E,9,R,952,1893
E9S,E,9,S,1149,2003
E9T,E,9,T,1150,1446
E9V,E,9,V,625,934
E9W,E,9,W,297,514
E9Y,E,9,Y,172,195
V10*,V,10,*,1669,1047
V10A,V,10,A,665,676
V10C,V,10,C,1213,2514
V10D,V,10,D,125,251
V10E,V,10,E,309,247
V10F,V,10,F,770,1645
V10G,V,10,G,2669,5071
V10H,V,10,H,668,871
V10I,V,10,I,378,534
V10K,V,10,K,216,292
V10L,V,10,L,1146,2012
V10M,V,10,M,200,468
V10N,V,10,N,264,298
V10P,V,10,P,1396,2625
V10Q,V,10,Q,244,700
V10R,V,10,R,1326,2239
V10S,V,10,S,1188,1866
V10T,V,10,T,990,1287
V10V,V,10,V,409,792
V10W,V,10,W,1368,1905
V10Y,V,10,Y,263,294
P11*,P,11,*,889,523
P11A,P,11,A,993,1887
P11C,P,11,C,1218,2290
P11D,P,11,D,385,667
P11E,P,11,E,1403,1965
P11F,P,11,F,500,739
P11G,P,11,G,9426,20687
P11H,P,11,H,604,1399
P11I,P,11,I,182,292
P11K,P,11,K,1084,1925
P11L,P,11,L,1109,1857
P11M,P,11,M,114,292
P11N,P,11,N,378,1029
P11P,P,11,P,937,1495
P11Q,P,11,Q,464,1080
P11R,P,11,R,3386,7093
P11S,P,11,S,1733,4170
P11T,P,11,T,911,1978
P11V,P,11,V,620,933
P11W,P,11,W,708,1398
P11Y,P,11,Y,130,284
T12*,T,12,*,2157,531
T12A,T,12,A,460,1003
T12C,T,12,C,325,409
T12D,T,12,D,173,294
T12E,T,12,E,577,958
T12F,T,12,F,1219,1333
T12G,T,12,G,1967,3082
T12H,T,12,H,624,1145
T12I,T,12,I,271,550
T12K,T,12,K,209,262
T12L,T,12,L,1909,2388
T12M,T,12,M,7,8
T12N,T,12,N,278,477
T12P,T,12,P,1143,1949
T12Q,T,12,Q,415,749
T12R,T,12,R,1180,2536
T12S,T,12,S,789,1223
T12T,T,12,T,322,698
T12V,T,12,V,1161,1726
T12W,T,12,W,384,642
T12Y,T,12,Y,139,204
F13*,F,13,*,2758,897
F13A,F,13,A,257,126
F13C,F,13,C,161,55
F13D,F,13,D,87,70
F13E,F,13,E,482,346
F13F,F,13,F,905,1320
F13G,F,13,G,1121,1135
F13H,F,13,H,282,257
F13I,F,13,I,262,185
F13K,F,13,K,527,347
F13L,F,13,L,465,288
F13M,F,13,M,78,72
F13N,F,13,N,186,97
F13P,F,13,P,653,1562
F13Q,F,13,Q,193,399
F13R,F,13,R,645,625
F13S,F,13,S,961,1057
F13T,F,13,T,224,199
F13V,F,13,V,256,27
F13W,F,13,W,676,1584
F13Y,F,13,Y,317,458
K14*,K,14,*,1966,683
K14A,K,14,A,1382,2685
K14C,K,14,C,1181,2050
K14D,K,14,D,479,664
K14E,K,14,E,154,326
K14F,K,14,F,5707,2349
K14G,K,14,G,3604,6441
K14H,K,14,H,163,212
K14I,K,14,I,2322,3921
K14K,K,14,K,78,223
K14L,K,14,L,9661,16612
K14M,K,14,M,105,107
K14N,K,14,N,1063,1386
K14P,K,14,P,910,1406
K14Q,K,14,Q,181,201
K14R,K,14,R,594,979
K14S,K,14,S,1034,1363
K14T,K,14,T,1831,3396
K14V,K,14,V,5994,11418
K14W,K,14,W,570,1099
K14Y,K,14,Y,836,1424
L15*,L,15,*,2122,1133
L15A,L,15,A,629,1004
L15C,L,15,C,160,383
L15D,L,15,D,2344,2551
L15E,L,15,E,1455,2192
L15F,L,15,F,2740,3856
L15G,L,15,G,2044,4458
L15H,L,15,H,791,1654
L15I,L,15,I,229,27
L15K,L,15,K,10049,16165
L15L,L,15,L,855,1886
L15M,L,15,M,523,1101
L15N,L,15,N,449,590
L15P,L,15,P,6833,1820
L15Q,L,15,Q,1145,2263
L15R,L,15,R,5916,1947
L15S,L,15,S,2451,4835
L15T,L,15,T,2071,4670
L15V,L,15,V,270,74
L15W,L,15,W,936,123
L15Y,L,15,Y,5290,515
V16*,V,16,*,5415,1953
V16A,V,16,A,935,1815
V16C,V,16,C,2096,4405
V16D,V,16,D,1167,2107
V16E,V,16,E,123,39
V16F,V,16,F,509,200
V16G,V,16,G,4183,9635
V16H,V,16,H,133,91
V16I,V,16,I,451,288
V16K,V,16,K,1237,1909
V16L,V,16,L,649,871
V16M,V,16,M,34,0
V16N,V,16,N,967,1620
V16P,V,16,P,1748,3867
V16Q,V,16,Q,97,0
V16R,V,16,R,5383,1983
V16S,V,16,S,2364,5299
V16T,V,16,T,1402,2852
V16V,V,16,V,255,329
V16W,V,16,W,181,0
V16Y,V,16,Y,192,0
L17*,L,17,*,2627,1049
L17A,L,17,A,519,980
L17C,L,17,C,844,1333
L17D,L,17,D,1838,575
L17E,L,17,E,4057,5772
L17F,L,17,F,453,235
L17G,L,17,G,11009,21290
L17H,L,17,H,4714,8798
L17I,L,17,I,46,119
L17K,L,17,K,6986,1109
L17L,L,17,L,885,1529
L17M,L,17,M,65,142
L17N,L,17,N,612,1249
L17P,L,17,P,12712,3402
L17Q,L,17,Q,330,324
L17R,L,17,R,3659,538
L17S,L,17,S,2263,3976
L17T,L,17,T,1053,2400
L17V,L,17,V,440,637
L17W,L,17,W,2242,350
L17Y,L,17,Y,5516,8110
V18*,V,18,*,2678,1140
V18A,V,18,A,713,1339
V18C,V,18,C,348,502
V18D,V,18,D,178,53
V18E,V,18,E,280,288
V18F,V,18,F,6925,13101
V18G,V,18,G,3396,7585
V18H,V,18,H,4407,7221
V18I,V,18,I,508,1686
V18K,V,18,K,991,36
V18L,V,18,L,1377,2817
V18M,V,18,M,24,23
V18N,V,18,N,285,472
V18P,V,18,P,14443,2992
V18Q,V,18,Q,64,25
V18R,V,18,R,792,141
V18S,V,18,S,1200,1655
V18T,V,18,T,2864,5298
V18V,V,18,V,295,469
V18W,V,18,W,1324,126
V18Y,V,18,Y,2227,3266
G19*,G,19,*,3365,1343
G19A,G,19,A,85,0
G19C,G,19,C,925,82
G19D,G,19,D,1762,123
G19E,G,19,E,2388,262
G19F,G,19,F,12913,1713
G19G,G,19,G,900,1901
G19H,G,19,H,175,0
G19I,G,19,I,2934,484
G19K,G,19,K,3271,179
G19L,G,19,L,8205,1328
G19M,G,19,M,640,35
G19N,G,19,N,3021,278
G19P,G,19,P,6968,627
G19Q,G,19,Q,2078,191
G19R,G,19,R,3554,432
G19S,G,19,S,1493,70
G19T,G,19,T,1361,122
G19V,G,19,V,2479,237
G19W,G,19,W,3022,408
G19Y,G,19,Y,1550,52
D20*,D,20,*,820,347
D20A,D,20,A,146,0
D20C,D,20,C,147,0
D20D,D,20,D,219,254
D20E,D,20,E,134,289
D20F,D,20,F,1075,101
D20G,D,20,G,418,39
D20H,D,20,H,93,0
D20I,D,20,I,715,68
D20K,D,20,K,42,0
D20L,D,20,L,532,16
D20M,D,20,M,40,0
D20N,D,20,N,11,0
D20P,D,20,P,534,0
D20Q,D,20,Q,62,0
D20R,D,20,R,458,0
D20S,D,20,S,234,4
D20T,D,20,T,154,0
D20V,D,20,V,57,0
D20W,D,20,W,549,35
D20Y,D,20,Y,39,0
G21*,G,21,*,792,174
G21A,G,21,A,146,0
G21C,G,21,C,33,0
G21D,G,21,D,83,0
G21E,G,21,E,59,0
G21F,G,21,F,257,18
G21G,G,21,G,443,667
G21H,G,21,H,80,0
G21I,G,21,I,41,0
G21K,G,21,K,31,0
G21L,G,21,L,65,0
G21M,G,21,M,31,0
G21N,G,21,N,43,0
G21P,G,21,P,182,31
G21Q,G,21,Q,17,0
G21R,G,21,R,195,17
G21S,G,21,S,92,52
G21T,G,21,T,159,0
G21V,G,21,V,115,0
G21W,G,21,W,11,0
G21Y,G,21,Y,120,17
G22*,G,22,*,4249,1603
G22A,G,22,A,146,0
G22C,G,22,C,126,0
G22D,G,22,D,71,0
G22E,G,22,E,57,0
G22F,G,22,F,150,0
G22G,G,22,G,943,1108
G22H,G,22,H,51,0
G22I,G,22,I,133,0
G22K,G,22,K,71,0
G22L,G,22,L,463,0
G22M,G,22,M,55,0
G22N,G,22,N,130,0
G22P,G,22,P,221,0
G22Q,G,22,Q,190,0
G22R,G,22,R,388,0
G22S,G,22,S,587,159
G22T,G,22,T,102,0
G22V,G,22,V,224,0
G22W,G,22,W,126,0
G22Y,G,22,Y,103,0
T23*,T,23,*,1574,758
T23A,T,23,A,509,1543
T23C,T,23,C,482,871
T23D,T,23,D,35,0
T23E,T,23,E,99,0
T23F,T,23,F,185,0
T23G,T,23,G,1366,2644
T23H,T,23,H,174,0
T23I,T,23,I,878,1888
T23K,T,23,K,200,0
T23L,T,23,L,3379,321
T23M,T,23,M,233,0
T23N,T,23,N,6046,8943
T23P,T,23,P,698,108
T23Q,T,23,Q,676,99
T23R,T,23,R,367,0
T23S,T,23,S,1326,2527
T23T,T,23,T,361,1115
T23V,T,23,V,526,587
T23W,T,23,W,545,1
T23Y,T,23,Y,41,0
G24*,G,24,*,1518,544
G24A,G,24,A,225,0
G24C,G,24,C,399,0
G24D,G,24,D,25,0
G24E,G,24,E,58,15
G24F,G,24,F,228,7
G24G,G,24,G,1215,1926
G24H,G,24,H,72,0
G24I,G,24,I,85,0
G24K,G,24,K,86,0
G24L,G,24,L,218,0
G24M,G,24,M,9,0
G24N,G,24,N,70,0
G24P,G,24,P,203,0
G24Q,G,24,Q,59,0
G24R,G,24,R,241,15
G24S,G,24,S,317,0
G24T,G,24,T,161,0
G24V,G,24,V,109,0
G24W,G,24,W,15,0
G24Y,G,24,Y,70,0
K25*,K,25,*,3150,1345
K25A,K,25,A,469,44
K25C,K,25,C,270,0
K25D,K,25,D,230,0
K25E,K,25,E,307,12
K25F,K,25,F,100,0
K25G,K,25,G,3240,283
K25H,K,25,H,459,10
K25I,K,25,I,168,0
K25K,K,25,K,535,914
K25L,K,25,L,251,0
K25M,K,25,M,42,0
K25N,K,25,N,689,0
K25P,K,25,P,398,52
K25Q,K,25,Q,301,77
K25R,K,25,R,668,54
K25S,K,25,S,936,34
K25T,K,25,T,606,29
K25V,K,25,V,272,0
K25W,K,25,W,117,23
K25Y,K,25,Y,233,10
T26*,T,26,*,2784,1094
T26A,T,26,A,101,0
T26C,T,26,C,42,0
T26D,T,26,D,104,13
T26E,T,26,E,53,0
T26F,T,26,F,87,17
T26G,T,26,G,161,0
T26H,T,26,H,17,0
T26I,T,26,I,95,0
T26K,T,26,K,67,0
T26L,T,26,L,293,0
T26M,T,26,M,4,0
T26N,T,26,N,77,0
T26P,T,26,P,68,0
T26Q,T,26,Q,94,0
T26R,T,26,R,132,0
T26S,T,26,S,618,693
T26T,T,26,T,375,740
T26V,T,26,V,184,0
T26W,T,26,W,66,0
T26Y,T,26,Y,78,0
T27*,T,27,*,2130,1008
T27A,T,27,A,136,50
T27C,T,27,C,151,60
T27D,T,27,D,44,0
T27E,T,27,E,177,0
T27F,T,27,F,3330,220
T27G,T,27,G,11323,10992
T27H,T,27,H,350,20
T27I,T,27,I,809,1446
T27K,T,27,K,3075,2758
T27L,T,27,L,3511,665
T27M,T,27,M,1358,2363
T27N,T,27,N,492,529
T27P,T,27,P,139,0
T27Q,T,27,Q,122,226
T27R,T,27,R,4523,1766
T27S,T,27,S,992,1856
T27T,T,27,T,481,748
T27V,T,27,V,231,53
T27W,T,27,W,597,17
T27Y,T,27,Y,771,131
F28*,F,28,*,2544,888
F28A,F,28,A,1272,1193
F28C,F,28,C,114,0
F28D,F,28,D,933,145
F28E,F,28,E,2204,298
F28F,F,28,F,206,460
F28G,F,28,G,8939,1642
F28H,F,28,H,86,0
F28I,F,28,I,264,14
F28K,F,28,K,2705,358
F28L,F,28,L,222,43
F28M,F,28,M,56,0
F28N,F,28,N,975,219
F28P,F,28,P,4165,425
F28Q,F,28,Q,2101,496
F28R,F,28,R,9329,1042
F28S,F,28,S,2929,1302
F28T,F,28,T,361,80
F28V,F,28,V,251,0
F28W,F,28,W,147,168
F28Y,F,28,Y,444,514
V29*,V,29,*,2252,882
V29A,V,29,A,3044,5290
V29C,V,29,C,973,1414
V29D,V,29,D,872,42
V29E,V,29,E,2032,148
V29F,V,29,F,371,172
V29G,V,29,G,17189,28318
V29H,V,29,H,2613,3798
V29I,V,29,I,166,110
V29K,V,29,K,1827,3301
V29L,V,29,L,535,0
V29M,V,29,M,47,0
V29N,V,29,N,4468,6875
V29P,V,29,P,1615,94
V29Q,V,29,Q,2155,979
V29R,V,29,R,13297,22906
V29S,V,29,S,9132,16721
V29T,V,29,T,990,1550
V29V,V,29,V,776,1605
V29W,V,29,W,328,164
V29Y,V,29,Y,519,256
K30*,K,30,*,2806,918
K30A,K,30,A,6340,11215
K30C,K,30,C,4637,9631
K30D,K,30,D,1886,2836
K30E,K,30,E,2106,3658
K30F,K,30,F,222,62
K30G,K,30,G,9698,19364
K30H,K,30,H,113,53
K30I,K,30,I,117,0
K30K,K,30,K,220,305
K30L,K,30,L,275,135
K30M,K,30,M,34,33
K30N,K,30,N,118,199
K30P,K,30,P,409,25
K30Q,K,30,Q,586,1149
K30R,K,30,R,1429,2404
K30S,K,30,S,10951,20575
K30T,K,30,T,1312,2799
K30V,K,30,V,306,21
K30W,K,30,W,69,0
K30Y,K,30,Y,43,0
R31*,R,31,*,4486,1775
R31A,R,31,A,72,0
R31C,R,31,C,182,49
R31D,R,31,D,298,0
R31E,R,31,E,614,52
R31F,R,31,F,1522,65
R31G,R,31,G,343,4
R31H,R,31,H,197,98
R31I,R,31,I,2104,2966
R31K,R,31,K,140,0
R31L,R,31,L,1201,1697
R31M,R,31,M,40,44
R31N,R,31,N,607,919
R31P,R,31,P,103,0
R31Q,R,31,Q,212,59
R31R,R,31,R,289,572
R31S,R,31,S,690,191
R31T,R,31,T,1125,1277
R31V,R,31,V,535,453
R31W,R,31,W,33,0
R31Y,R,31,Y,418,9
H32*,H,32,*,3681,1954
H32A,H,32,A,36,0
H32C,H,32,C,41,0
H32D,H,32,D,160,0
H32E,H,32,E,3031,3974
H32F,H,32,F,1075,2169
H32G,H,32,G,235,0
H32H,H,32,H,274,501
H32I,H,32,I,170,0
H32K,H,32,K,123,0
H32L,H,32,L,503,98
H32M,H,32,M,121,21
H32N,H,32,N,203,234
H32P,H,32,P,1606,218
H32Q,H,32,Q,105,46
H32R,H,32,R,236,0
H32S,H,32,S,189,0
H32T,H,32,T,86,0
H32V,H,32,V,218,135
H32W,H,32,W,75,0
H32Y,H,32,Y,41,0
L33*,L,33,*,3484,1201
L33A,L,33,A,175,43
L33C,L,33,C,311,245
L33D,L,33,D,289,536
L33E,L,33,E,259,184
L33F,L,33,F,121,211
L33G,L,33,G,656,307
L33H,L,33,H,354,216
L33I,L,33,I,401,909
L33K,L,33,K,234,290
L33L,L,33,L,1032,1759
L33M,L,33,M,86,126
L33N,L,33,N,554,794
L33P,L,33,P,150,77
L33Q,L,33,Q,425,757
L33R,L,33,R,395,372
L33S,L,33,S,392,270
L33T,L,33,T,197,319
L33V,L,33,V,912,1402
L33W,L,33,W,208,357
L33Y,L,33,Y,157,183
T34*,T,34,*,5092,2748
T34A,T,34,A,6201,11205
T34C,T,34,C,1846,3087
T34D,T,34,D,1046,2068
T34E,T,34,E,3648,6281
T34F,T,34,F,618,958
T34G,T,34,G,558,68
T34H,T,34,H,1325,2932
T34I,T,34,I,2398,4116
T34K,T,34,K,3264,7529
T34L,T,34,L,6178,13253
T34M,T,34,M,2148,3336
T34N,T,34,N,1085,2834
T34P,T,34,P,1326,50
T34Q,T,34,Q,2725,4960
T34R,T,34,R,8992,19996
T34S,T,34,S,3166,8980
T34T,T,34,T,289,305
T34V,T,34,V,6943,13617
T34W,T,34,W,338,43
T34Y,T,34,Y,714,801
G35*,G,35,*,2982,1071
G35A,G,35,A,1657,1945
G35C,G,35,C,568,122
G35D,G,35,D,102,0
G35E,G,35,E,333,71
G35F,G,35,F,1057,116
G35G,G,35,G,873,1721
G35H,G,35,H,203,76
G35I,G,35,I,167,7
G35K,G,35,K,136,0
G35L,G,35,L,478,0
G35M,G,35,M,101,0
G35N,G,35,N,186,0
G35P,G,35,P,132,0
G35Q,G,35,Q,86,0
G35R,G,35,R,360,0
G35S,G,35,S,679,269
G35T,G,35,T,133,0
G35V,G,35,V,420,0
G35W,G,35,W,397,29
G35Y,G,35,Y,685,107
E36*,E,36,*,2426,1009
E36A,E,36,A,184,112
E36C,E,36,C,173,165
E36D,E,36,D,420,861
E36E,E,36,E,184,421
E36F,E,36,F,527,49
E36G,E,36,G,1189,1602
E36H,E,36,H,168,29
E36I,E,36,I,124,16
E36K,E,36,K,139,30
E36L,E,36,L,237,0
E36M,E,36,M,16,0
E36N,E,36,N,84,331
E36P,E,36,P,1602,104
E36Q,E,36,Q,56,30
E36R,E,36,R,414,19
E36S,E,36,S,851,426
E36T,E,36,T,158,0
E36V,E,36,V,173,11
E36W,E,36,W,113,0
E36Y,E,36,Y,114,15
F37*,F,37,*,4408,1583
F37A,F,37,A,2735,414
F37C,F,37,C,5512,3671
F37D,F,37,D,712,35
F37E,F,37,E,3355,159
F37F,F,37,F,667,982
F37G,F,37,G,6638,562
F37H,F,37,H,2005,342
F37I,F,37,I,1718,807
F37K,F,37,K,3732,426
F37L,F,37,L,12768,14900
F37M,F,37,M,1085,1585
F37N,F,37,N,2106,156
F37P,F,37,P,475,33
F37Q,F,37,Q,1540,208
F37R,F,37,R,4760,339
F37S,F,37,S,3016,369
F37T,F,37,T,3722,400
F37V,F,37,V,3899,2114
F37W,F,37,W,2150,3775
F37Y,F,37,Y,2039,4564
E38*,E,38,*,2183,961
E38A,E,38,A,1724,3765
E38C,E,38,C,417,563
E38D,E,38,D,240,393
E38E,E,38,E,62,148
E38F,E,38,F,1890,4742
E38G,E,38,G,3275,6061
E38H,E,38,H,1398,2404
E38I,E,38,I,139,0
E38K,E,38,K,1842,3722
E38L,E,38,L,2289,4449
E38M,E,38,M,62,41
E38N,E,38,N,715,1301
E38P,E,38,P,394,215
E38Q,E,38,Q,286,295
E38R,E,38,R,1899,3720
E38S,E,38,S,1029,1216
E38T,E,38,T,660,235
E38V,E,38,V,123,22
E38W,E,38,W,587,1684
E38Y,E,38,Y,551,817
K39*,K,39,*,2424,927
K39A,K,39,A,415,316
K39C,K,39,C,198,215
K39D,K,39,D,61,0
K39E,K,39,E,78,0
K39F,K,39,F,331,44
K39G,K,39,G,198,16
K39H,K,39,H,72,0
K39I,K,39,I,161,119
K39K,K,39,K,373,575
K39L,K,39,L,413,75
K39M,K,39,M,43,62
K39N,K,39,N,87,22
K39P,K,39,P,488,48
K39Q,K,39,Q,126,33
K39R,K,39,R,248,144
K39S,K,39,S,468,496
K39T,K,39,T,209,82
K39V,K,39,V,249,92
K39W,K,39,W,49,0
K39Y,K,39,Y,82,30
K40*,K,40,*,3500,1351
K40A,K,40,A,368,284
K40C,K,40,C,463,765
K40D,K,40,D,65,2
K40E,K,40,E,95,156
K40F,K,40,F,5674,11584
K40G,K,40,G,712,366
K40H,K,40,H,537,1079
K40I,K,40,I,1055,1671
K40K,K,40,K,382,638
K40L,K,40,L,506,1072
K40M,K,40,M,115,78
K40N,K,40,N,157,136
K40P,K,40,P,3334,5287
K40Q,K,40,Q,327,652
K40R,K,40,R,729,1157
K40S,K,40,S,892,1689
K40T,K,40,T,1389,2964
K40V,K,40,V,1561,3140
K40W,K,40,W,1697,3878
K40Y,K,40,Y,2507,5411
Y41*,Y,41,*,1167,534
Y41A,Y,41,A,604,146
Y41C,Y,41,C,651,963
Y41D,Y,41,D,156,0
Y41E,Y,41,E,209,0
Y41F,Y,41,F,4302,4944
Y41G,Y,41,G,4015,1261
Y41H,Y,41,H,186,60
Y41I,Y,41,I,1922,163
Y41K,Y,41,K,218,18
Y41L,Y,41,L,2131,113
Y41M,Y,41,M,590,182
Y41N,Y,41,N,11,0
Y41P,Y,41,P,408,0
Y41Q,Y,41,Q,170,0
Y41R,Y,41,R,398,0
Y41S,Y,41,S,789,449
Y41T,Y,41,T,3409,1846
Y41V,Y,41,V,9687,3667
Y41W,Y,41,W,130,0
Y41Y,Y,41,Y,95,203
I42*,I,42,*,5465,2591
I42A,I,42,A,264,0
I42C,I,42,C,565,344
I42D,I,42,D,998,1905
I42E,I,42,E,445,807
I42F,I,42,F,261,302
I42G,I,42,G,806,162
I42H,I,42,H,115,38
I42I,I,42,I,222,260
I42K,I,42,K,183,0
I42L,I,42,L,1309,2820
I42M,I,42,M,168,245
I42N,I,42,N,88,118
I42P,I,42,P,438,0
I42Q,I,42,Q,277,69
I42R,I,42,R,478,68
I42S,I,42,S,150,0
I42T,I,42,T,283,21
I42V,I,42,V,577,402
I42W,I,42,W,1968,3462
I42Y,I,42,Y,138,239
A43*,A,43,*,2073,829
A43A,A,43,A,396,576
A43C,A,43,C,307,291
A43D,A,43,D,33,0
A43E,A,43,E,153,0
A43F,A,43,F,361,0
A43G,A,43,G,2895,3859
A43H,A,43,H,80,0
A43I,A,43,I,84,19
A43K,A,43,K,368,0
A43L,A,43,L,603,404
A43M,A,43,M,9,0
A43N,A,43,N,132,0
A43P,A,43,P,142,0
A43Q,A,43,Q,141,0
A43R,A,43,R,400,0
A43S,A,43,S,5090,11850
A43T,A,43,T,1606,3771
A43V,A,43,V,1417,2015
A43W,A,43,W,92,0
A43Y,A,43,Y,78,0
T44*,T,44,*,2463,675
T44A,T,44,A,226,0
T44C,T,44,C,2231,192
T44D,T,44,D,490,28
T44E,T,44,E,1954,277
T44F,T,44,F,13582,1429
T44G,T,44,G,1001,59
T44H,T,44,H,417,46
T44I,T,44,I,2293,170
T44K,T,44,K,927,30
T44L,T,44,L,8870,575
T44M,T,44,M,909,52
T44N,T,44,N,470,22
T44P,T,44,P,350,113
T44Q,T,44,Q,1584,72
T44R,T,44,R,1381,94
T44S,T,44,S,8393,18453
T44T,T,44,T,302,393
T44V,T,44,V,7376,348
T44W,T,44,W,5331,983
T44Y,T,44,Y,2708,35
I45*,I,45,*,2704,1220
I45A,I,45,A,385,355
I45C,I,45,C,399,823
I45D,I,45,D,178,0
I45E,I,45,E,167,0
I45F,I,45,F,385,189
I45G,I,45,G,528,49
I45H,I,45,H,77,0
I45I,I,45,I,162,401
I45K,I,45,K,159,0
I45L,I,45,L,1481,2651
I45M,I,45,M,0,34
I45N,I,45,N,60,0
I45P,I,45,P,223,0
I45Q,I,45,Q,156,0
I45R,I,45,R,408,41
I45S,I,45,S,347,97
I45T,I,45,T,173,79
I45V,I,45,V,400,484
I45W,I,45,W,163,0
I45Y,I,45,Y,67,32
G46*,G,46,*,5342,2447
G46A,G,46,A,1139,1553
G46C,G,46,C,37,37
G46D,G,46,D,31,0
G46E,G,46,E,53,0
G46F,G,46,F,300,0
G46G,G,46,G,368,633
G46H,G,46,H,99,0
G46I,G,46,I,206,130
G46K,G,46,K,165,0
G46L,G,46,L,555,82
G46M,G,46,M,20,0
G46N,G,46,N,109,0
G46P,G,46,P,11507,1984
G46Q,G,46,Q,261,7
G46R,G,46,R,379,0
G46S,G,46,S,377,371
G46T,G,46,T,237,0
G46V,G,46,V,202,0
G46W,G,46,W,66,0
G46Y,G,46,Y,106,0
V47*,V,47,*,5122,2241
V47A,V,47,A,613,1671
V47C,V,47,C,321,383
V47D,V,47,D,103,0
V47E,V,47,E,125,0
V47F,V,47,F,1205,1027
V47G,V,47,G,2695,5693
V47H,V,47,H,216,120
V47I,V,47,I,1301,1588
V47K,V,47,K,263,38
V47L,V,47,L,368,37
V47M,V,47,M,12,21
V47N,V,47,N,156,11
V47P,V,47,P,305,0
V47Q,V,47,Q,152,186
V47R,V,47,R,228,55
V47S,V,47,S,2309,4958
V47T,V,47,T,686,548
V47V,V,47,V,449,905
V47W,V,47,W,165,0
V47Y,V,47,Y,940,779
E48*,E,48,*,3474,1530
E48A,E,48,A,1081,1654
E48C,E,48,C,2524,5012
E48D,E,48,D,95,111
E48E,E,48,E,58,36
E48F,E,48,F,9739,5487
E48G,E,48,G,469,203
E48H,E,48,H,2485,7635
E48I,E,48,I,2517,6282
E48K,E,48,K,182,137
E48L,E,48,L,3202,7259
E48M,E,48,M,1199,2978
E48N,E,48,N,1716,4412
E48P,E,48,P,1511,81
E48Q,E,48,Q,198,565
E48R,E,48,R,1236,2323
E48S,E,48,S,3258,6283
E48T,E,48,T,6716,18152
E48V,E,48,V,1231,3635
E48W,E,48,W,3788,842
E48Y,E,48,Y,1525,211
V49*,V,49,*,3623,1379
V49A,V,49,A,3007,6357
V49C,V,49,C,182,359
V49D,V,49,D,392,754
V49E,V,49,E,586,1333
V49F,V,49,F,324,13
V49G,V,49,G,488,7
V49H,V,49,H,63,0
V49I,V,49,I,600,698
V49K,V,49,K,216,30
V49L,V,49,L,1632,2041
V49M,V,49,M,262,471
V49N,V,49,N,138,6
V49P,V,49,P,186,0
V49Q,V,49,Q,170,14
V49R,V,49,R,366,50
V49S,V,49,S,6927,16612
V49T,V,49,T,565,646
V49V,V,49,V,316,561
V49W,V,49,W,95,44
V49Y,V,49,Y,198,57
H50*,H,50,*,1323,756
H50A,H,50,A,105,32
H50C,H,50,C,175,1
H50D,H,50,D,14,0
H50E,H,50,E,23,0
H50F,H,50,F,1669,2423
H50G,H,50,G,297,0
H50H,H,50,H,75,115
H50I,H,50,I,92,0
H50K,H,50,K,25,0
H50L,H,50,L,526,98
H50M,H,50,M,82,0
H50N,H,50,N,183,0
H50P,H,50,P,2282,195
H50Q,H,50,Q,56,0
H50R,H,50,R,2020,4676
H50S,H,50,S,767,867
H50T,H,50,T,420,118
H50V,H,50,V,126,0
H50W,H,50,W,183,16
H50Y,H,50,Y,114,174
P51*,P,51,*,2465,991
P51A,P,51,A,NA,NA
P51C,P,51,C,53,0
P51D,P,51,D,38,6
P51E,P,51,E,100,0
P51F,P,51,F,221,10
P51G,P,51,G,1096,417
P51H,P,51,H,50,0
P51I,P,51,I,165,17
P51K,P,51,K,147,43
P51L,P,51,L,191,17
P51M,P,51,M,86,0
P51N,P,51,N,78,10
P51P,P,51,P,352,542
P51Q,P,51,Q,68,22
P51R,P,51,R,552,194
P51S,P,51,S,222,100
P51T,P,51,T,301,235
P51V,P,51,V,527,109
P51W,P,51,W,44,9
P51Y,P,51,Y,11,0
L52*,L,52,*,1642,973
L52A,L,52,A,564,1216
L52C,L,52,C,3142,8273
L52D,L,52,D,2627,2674
L52E,L,52,E,4211,6060
L52F,L,52,F,3211,5830
L52G,L,52,G,12953,23771
L52H,L,52,H,456,1215
L52I,L,52,I,386,428
L52K,L,52,K,151,0
L52L,L,52,L,708,1270
L52M,L,52,M,453,961
L52N,L,52,N,2787,5335
L52P,L,52,P,11052,1811
L52Q,L,52,Q,3207,6646
L52R,L,52,R,486,24
L52S,L,52,S,7693,15239
L52T,L,52,T,940,1515
L52V,L,52,V,465,269
L52W,L,52,W,1532,2410
L52Y,L,52,Y,1250,2463
S53*,S,53,*,2501,974
S53A,S,53,A,628,965
S53C,S,53,C,393,685
S53D,S,53,D,585,1816
S53E,S,53,E,687,1375
S53F,S,53,F,415,210
S53G,S,53,G,2619,4186
S53H,S,53,H,268,147
S53I,S,53,I,664,1078
S53K,S,53,K,1356,2573
S53L,S,53,L,2009,3486
S53M,S,53,M,287,330
S53N,S,53,N,736,1896
S53P,S,53,P,538,649
S53Q,S,53,Q,819,1298
S53R,S,53,R,1718,2892
S53S,S,53,S,926,1408
S53T,S,53,T,615,1242
S53V,S,53,V,1316,2721
S53W,S,53,W,260,227
S53Y,S,53,Y,98,30
F54*,F,54,*,5835,2223
F54A,F,54,A,218,0
F54C,F,54,C,63,0
F54D,F,54,D,2950,620
F54E,F,54,E,432,87
F54F,F,54,F,131,228
F54G,F,54,G,4235,783
F54H,F,54,H,136,37
F54I,F,54,I,187,0
F54K,F,54,K,152,0
F54L,F,54,L,435,43
F54M,F,54,M,68,17
F54N,F,54,N,320,416
F54P,F,54,P,8434,1698
F54Q,F,54,Q,135,0
F54R,F,54,R,467,31
F54S,F,54,S,446,122
F54T,F,54,T,103,0
F54V,F,54,V,308,0
F54W,F,54,W,642,928
F54Y,F,54,Y,144,119
Y55*,Y,55,*,8465,3276
Y55A,Y,55,A,912,1724
Y55C,Y,55,C,926,1272
Y55D,Y,55,D,310,607
Y55E,Y,55,E,449,794
Y55F,Y,55,F,1410,2179
Y55G,Y,55,G,640,428
Y55H,Y,55,H,598,877
Y55I,Y,55,I,649,1227
Y55K,Y,55,K,425,328
Y55L,Y,55,L,1489,2807
Y55M,Y,55,M,199,458
Y55N,Y,55,N,592,709
Y55P,Y,55,P,854,486
Y55Q,Y,55,Q,820,1771
Y55R,Y,55,R,858,1081
Y55S,Y,55,S,2843,6562
Y55T,Y,55,T,1977,4076
Y55V,Y,55,V,1045,2326
Y55W,Y,55,W,279,194
Y55Y,Y,55,Y,263,588
T56*,T,56,*,4150,1180
T56A,T,56,A,190,0
T56C,T,56,C,217,399
T56D,T,56,D,91,0
T56E,T,56,E,247,0
T56F,T,56,F,888,2022
T56G,T,56,G,239,0
T56H,T,56,H,65,0
T56I,T,56,I,354,299
T56K,T,56,K,1183,249
T56L,T,56,L,1403,2286
T56M,T,56,M,261,546
T56N,T,56,N,135,0
T56P,T,56,P,216,0
T56Q,T,56,Q,269,33
T56R,T,56,R,751,106
T56S,T,56,S,1002,1870
T56T,T,56,T,472,986
T56V,T,56,V,1550,3192
T56W,T,56,W,91,0
T56Y,T,56,Y,42,0
N57*,N,57,*,3395,1229
N57A,N,57,A,153,50
N57C,N,57,C,325,375
N57D,N,57,D,368,536
N57E,N,57,E,229,404
N57F,N,57,F,221,93
N57G,N,57,G,1048,1274
N57H,N,57,H,26,0
N57I,N,57,I,149,32
N57K,N,57,K,212,84
N57L,N,57,L,362,56
N57M,N,57,M,117,20
N57N,N,57,N,67,86
N57P,N,57,P,311,52
N57Q,N,57,Q,171,262
N57R,N,57,R,310,11
N57S,N,57,S,724,1264
N57T,N,57,T,247,543
N57V,N,57,V,281,9
N57W,N,57,W,53,0
N57Y,N,57,Y,69,29
F58*,F,58,*,1981,851
F58A,F,58,A,1519,2719
F58C,F,58,C,462,1151
F58D,F,58,D,226,153
F58E,F,58,E,414,489
F58F,F,58,F,428,602
F58G,F,58,G,2322,4488
F58H,F,58,H,951,1933
F58I,F,58,I,533,934
F58K,F,58,K,487,534
F58L,F,58,L,2167,4045
F58M,F,58,M,237,364
F58N,F,58,N,687,1339
F58P,F,58,P,335,29
F58Q,F,58,Q,472,636
F58R,F,58,R,1917,3169
F58S,F,58,S,887,2442
F58T,F,58,T,891,1646
F58V,F,58,V,1772,3185
F58W,F,58,W,251,213
F58Y,F,58,Y,192,188
G59*,G,59,*,3218,1365
G59A,G,59,A,249,245
G59C,G,59,C,53,0
G59D,G,59,D,107,164
G59E,G,59,E,146,0
G59F,G,59,F,430,9
G59G,G,59,G,1522,2617
G59H,G,59,H,36,0
G59I,G,59,I,151,17
G59K,G,59,K,361,154
G59L,G,59,L,345,51
G59M,G,59,M,92,0
G59N,G,59,N,157,281
G59P,G,59,P,2906,441
G59Q,G,59,Q,117,0
G59R,G,59,R,722,314
G59S,G,59,S,575,573
G59T,G,59,T,209,0
G59V,G,59,V,285,52
G59W,G,59,W,202,18
G59Y,G,59,Y,51,0
E60*,E,60,*,1467,317
E60A,E,60,A,841,830
E60C,E,60,C,240,691
E60D,E,60,D,143,123
E60E,E,60,E,60,88
E60F,E,60,F,1366,973
E60G,E,60,G,712,1060
E60H,E,60,H,194,293
E60I,E,60,I,128,110
E60K,E,60,K,161,275
E60L,E,60,L,459,427
E60M,E,60,M,74,49
E60N,E,60,N,148,378
E60P,E,60,P,949,1526
E60Q,E,60,Q,23,16
E60R,E,60,R,381,478
E60S,E,60,S,1069,1228
E60T,E,60,T,569,917
E60V,E,60,V,277,342
E60W,E,60,W,238,405
E60Y,E,60,Y,378,297
I61*,I,61,*,2380,1179
I61A,I,61,A,351,530
I61C,I,61,C,469,576
I61D,I,61,D,2339,938
I61E,I,61,E,1385,1705
I61F,I,61,F,1766,2619
I61G,I,61,G,1247,515
I61H,I,61,H,131,19
I61I,I,61,I,255,454
I61K,I,61,K,386,809
I61L,I,61,L,1196,1502
I61M,I,61,M,209,302
I61N,I,61,N,226,201
I61P,I,61,P,5003,1972
I61Q,I,61,Q,501,697
I61R,I,61,R,814,754
I61S,I,61,S,349,6
I61T,I,61,T,681,627
I61V,I,61,V,1116,1502
I61W,I,61,W,216,400
I61Y,I,61,Y,352,317
K62*,K,62,*,1913,564
K62A,K,62,A,685,515
K62C,K,62,C,489,1234
K62D,K,62,D,385,561
K62E,K,62,E,696,936
K62F,K,62,F,396,687
K62G,K,62,G,808,539
K62H,K,62,H,317,625
K62I,K,62,I,625,1148
K62K,K,62,K,191,295
K62L,K,62,L,1694,2445
K62M,K,62,M,222,423
K62N,K,62,N,925,1181
K62P,K,62,P,958,554
K62Q,K,62,Q,310,478
K62R,K,62,R,1528,2375
K62S,K,62,S,783,1236
K62T,K,62,T,1477,2140
K62V,K,62,V,1818,3500
K62W,K,62,W,181,90
K62Y,K,62,Y,306,442
F63*,F,63,*,4811,1862
F63A,F,63,A,643,506
F63C,F,63,C,231,177
F63D,F,63,D,1799,619
F63E,F,63,E,3677,1144
F63F,F,63,F,160,242
F63G,F,63,G,7145,1567
F63H,F,63,H,6130,10985
F63I,F,63,I,341,535
F63K,F,63,K,10928,3026
F63L,F,63,L,1726,3249
F63M,F,63,M,164,367
F63N,F,63,N,5180,1972
F63P,F,63,P,11104,2795
F63Q,F,63,Q,3331,1201
F63R,F,63,R,7075,2005
F63S,F,63,S,8789,3152
F63T,F,63,T,2809,5099
F63V,F,63,V,270,105
F63W,F,63,W,46,0
F63Y,F,63,Y,242,148
D64*,D,64,*,5199,2199
D64A,D,64,A,433,616
D64C,D,64,C,385,520
D64D,D,64,D,151,336
D64E,D,64,E,235,290
D64F,D,64,F,223,157
D64G,D,64,G,1608,1578
D64H,D,64,H,213,213
D64I,D,64,I,248,5
D64K,D,64,K,539,585
D64L,D,64,L,988,1421
D64M,D,64,M,95,53
D64N,D,64,N,484,791
D64P,D,64,P,2927,5953
D64Q,D,64,Q,156,218
D64R,D,64,R,1190,1208
D64S,D,64,S,358,234
D64T,D,64,T,574,125
D64V,D,64,V,295,76
D64W,D,64,W,133,17
D64Y,D,64,Y,250,288
V65*,V,65,*,5439,2243
V65A,V,65,A,2365,6092
V65C,V,65,C,634,773
V65D,V,65,D,787,270
V65E,V,65,E,4184,1233
V65F,V,65,F,5592,10426
V65G,V,65,G,6678,13750
V65H,V,65,H,4578,1200
V65I,V,65,I,67,61
V65K,V,65,K,9051,1579
V65L,V,65,L,705,812
V65M,V,65,M,42,161
V65N,V,65,N,372,261
V65P,V,65,P,22367,3774
V65Q,V,65,Q,6021,10911
V65R,V,65,R,8506,1805
V65S,V,65,S,1892,4373
V65T,V,65,T,2687,5307
V65V,V,65,V,401,661
V65W,V,65,W,3023,656
V65Y,V,65,Y,2242,391
W66*,W,66,*,2994,1444
W66A,W,66,A,285,26
W66C,W,66,C,441,866
W66D,W,66,D,531,186
W66E,W,66,E,739,488
W66F,W,66,F,902,1263
W66G,W,66,G,631,1256
W66H,W,66,H,549,624
W66I,W,66,I,426,248
W66K,W,66,K,416,152
W66L,W,66,L,1802,2544
W66M,W,66,M,113,77
W66N,W,66,N,168,310
W66P,W,66,P,11333,1646
W66Q,W,66,Q,4528,5220
W66R,W,66,R,2167,5329
W66S,W,66,S,1828,3831
W66T,W,66,T,910,1138
W66V,W,66,V,678,280
W66W,W,66,W,NA,NA
W66Y,W,66,Y,361,695
D67*,D,67,*,3875,1674
D67A,D,67,A,507,28
D67C,D,67,C,454,134
D67D,D,67,D,264,288
D67E,D,67,E,184,18
D67F,D,67,F,187,0
D67G,D,67,G,681,68
D67H,D,67,H,333,17
D67I,D,67,I,209,0
D67K,D,67,K,135,0
D67L,D,67,L,1338,133
D67M,D,67,M,60,0
D67N,D,67,N,62,0
D67P,D,67,P,284,23
D67Q,D,67,Q,148,0
D67R,D,67,R,935,101
D67S,D,67,S,1664,43
D67T,D,67,T,264,0
D67V,D,67,V,618,18
D67W,D,67,W,88,25
D67Y,D,67,Y,140,0
T68*,T,68,*,1593,536
T68A,T,68,A,778,1529
T68C,T,68,C,43,0
T68D,T,68,D,388,19
T68E,T,68,E,571,13
T68F,T,68,F,490,0
T68G,T,68,G,479,5
T68H,T,68,H,338,91
T68I,T,68,I,85,0
T68K,T,68,K,274,0
T68L,T,68,L,763,789
T68M,T,68,M,33,0
T68N,T,68,N,57,53
T68P,T,68,P,3060,141
T68Q,T,68,Q,349,160
T68R,T,68,R,266,0
T68S,T,68,S,3569,9649
T68T,T,68,T,393,567
T68V,T,68,V,293,22
T68W,T,68,W,136,0
T68Y,T,68,Y,794,168
A69*,A,69,*,4245,1397
A69A,A,69,A,679,1027
A69C,A,69,C,1095,829
A69D,A,69,D,35,0
A69E,A,69,E,89,0
A69F,A,69,F,261,0
A69G,A,69,G,439,29
A69H,A,69,H,114,0
A69I,A,69,I,4348,358
A69K,A,69,K,263,0
A69L,A,69,L,10513,704
A69M,A,69,M,92,1
A69N,A,69,N,219,0
A69P,A,69,P,175,0
A69Q,A,69,Q,68,0
A69R,A,69,R,294,0
A69S,A,69,S,386,17
A69T,A,69,T,169,0
A69V,A,69,V,3745,505
A69W,A,69,W,143,0
A69Y,A,69,Y,72,0
G70*,G,70,*,3800,1368
G70A,G,70,A,359,51
G70C,G,70,C,173,0
G70D,G,70,D,57,0
G70E,G,70,E,91,0
G70F,G,70,F,346,0
G70G,G,70,G,980,1336
G70H,G,70,H,104,14
G70I,G,70,I,99,0
G70K,G,70,K,178,153
G70L,G,70,L,569,0
G70M,G,70,M,58,0
G70N,G,70,N,143,0
G70P,G,70,P,461,20
G70Q,G,70,Q,72,0
G70R,G,70,R,375,0
G70S,G,70,S,393,0
G70T,G,70,T,237,0
G70V,G,70,V,172,0
G70W,G,70,W,130,0
G70Y,G,70,Y,50,0
Q71*,Q,71,*,6079,2198
Q71A,Q,71,A,174,0
Q71C,Q,71,C,89,0
Q71D,Q,71,D,36,0
Q71E,Q,71,E,111,0
Q71F,Q,71,F,197,0
Q71G,Q,71,G,209,27
Q71H,Q,71,H,100,0
Q71I,Q,71,I,104,0
Q71K,Q,71,K,331,0
Q71L,Q,71,L,358,0
Q71M,Q,71,M,14,0
Q71N,Q,71,N,78,0
Q71P,Q,71,P,395,38
Q71Q,Q,71,Q,340,610
Q71R,Q,71,R,591,75
Q71S,Q,71,S,435,0
Q71T,Q,71,T,229,0
Q71V,Q,71,V,117,0
Q71W,Q,71,W,136,40
Q71Y,Q,71,Y,119,0
E72*,E,72,*,3076,1339
E72A,E,72,A,159,0
E72C,E,72,C,238,0
E72D,E,72,D,41,0
E72E,E,72,E,53,44
E72F,E,72,F,338,6
E72G,E,72,G,575,9
E72H,E,72,H,9,14
E72I,E,72,I,145,0
E72K,E,72,K,21,0
E72L,E,72,L,372,0
E72M,E,72,M,31,0
E72N,E,72,N,58,0
E72P,E,72,P,126,0
E72Q,E,72,Q,93,0
E72R,E,72,R,360,1
E72S,E,72,S,477,18
E72T,E,72,T,180,19
E72V,E,72,V,213,52
E72W,E,72,W,152,0
E72Y,E,72,Y,83,0
K73*,K,73,*,2115,974
K73A,K,73,A,689,820
K73C,K,73,C,452,600
K73D,K,73,D,126,20
K73E,K,73,E,82,114
K73F,K,73,F,2978,6408
K73G,K,73,G,609,464
K73H,K,73,H,745,1565
K73I,K,73,I,420,568
K73K,K,73,K,315,474
K73L,K,73,L,1355,2691
K73M,K,73,M,218,192
K73N,K,73,N,524,930
K73P,K,73,P,1015,932
K73Q,K,73,Q,326,211
K73R,K,73,R,1000,1091
K73S,K,73,S,831,1234
K73T,K,73,T,941,2453
K73V,K,73,V,847,1054
K73W,K,73,W,1072,2299
K73Y,K,73,Y,950,2469
F74*,F,74,*,2016,813
F74A,F,74,A,2243,5088
F74C,F,74,C,307,401
F74D,F,74,D,467,630
F74E,F,74,E,631,1017
F74F,F,74,F,709,849
F74G,F,74,G,1183,1614
F74H,F,74,H,500,985
F74I,F,74,I,578,1142
F74K,F,74,K,1995,3796
F74L,F,74,L,905,1332
F74M,F,74,M,339,451
F74N,F,74,N,260,441
F74P,F,74,P,4075,584
F74Q,F,74,Q,370,368
F74R,F,74,R,4693,8958
F74S,F,74,S,2009,3876
F74T,F,74,T,981,1994
F74V,F,74,V,1672,3586
F74W,F,74,W,447,604
F74Y,F,74,Y,314,502
G75*,G,75,*,2324,1057
G75A,G,75,A,160,0
G75C,G,75,C,95,0
G75D,G,75,D,21,0
G75E,G,75,E,86,0
G75F,G,75,F,521,31
G75G,G,75,G,668,1260
G75H,G,75,H,94,34
G75I,G,75,I,193,0
G75K,G,75,K,304,0
G75L,G,75,L,634,30
G75M,G,75,M,13,0
G75N,G,75,N,77,34
G75P,G,75,P,498,52
G75Q,G,75,Q,95,0
G75R,G,75,R,258,20
G75S,G,75,S,329,15
G75T,G,75,T,198,96
G75V,G,75,V,255,0
G75W,G,75,W,109,0
G75Y,G,75,Y,21,0
G76*,G,76,*,2880,1143
G76A,G,76,A,1632,4121
G76C,G,76,C,309,451
G76D,G,76,D,629,360
G76E,G,76,E,2456,4350
G76F,G,76,F,5956,11100
G76G,G,76,G,633,1178
G76H,G,76,H,668,1045
G76I,G,76,I,229,300
G76K,G,76,K,2230,4668
G76L,G,76,L,3925,8315
G76M,G,76,M,1027,2625
G76N,G,76,N,1101,2454
G76P,G,76,P,2554,431
G76Q,G,76,Q,778,1587
G76R,G,76,R,4380,10617
G76S,G,76,S,2374,6282
G76T,G,76,T,2264,5380
G76V,G,76,V,768,1248
G76W,G,76,W,167,351
G76Y,G,76,Y,1269,949
L77*,L,77,*,1939,818
L77A,L,77,A,263,0
L77C,L,77,C,164,21
L77D,L,77,D,85,0
L77E,L,77,E,135,0
L77F,L,77,F,219,228
L77G,L,77,G,750,265
L77H,L,77,H,162,39
L77I,L,77,I,141,119
L77K,L,77,K,256,0
L77L,L,77,L,673,1269
L77M,L,77,M,264,338
L77N,L,77,N,101,24
L77P,L,77,P,359,0
L77Q,L,77,Q,32,0
L77R,L,77,R,394,25
L77S,L,77,S,268,0
L77T,L,77,T,146,0
L77V,L,77,V,117,0
L77W,L,77,W,28,0
L77Y,L,77,Y,105,0
R78*,R,78,*,2135,908
R78A,R,78,A,153,0
R78C,R,78,C,89,15
R78D,R,78,D,117,0
R78E,R,78,E,82,0
R78F,R,78,F,116,82
R78G,R,78,G,129,0
R78H,R,78,H,1010,2351
R78I,R,78,I,103,0
R78K,R,78,K,340,344
R78L,R,78,L,316,25
R78M,R,78,M,33,0
R78N,R,78,N,152,61
R78P,R,78,P,998,162
R78Q,R,78,Q,150,0
R78R,R,78,R,910,1548
R78S,R,78,S,595,158
R78T,R,78,T,204,63
R78V,R,78,V,90,0
R78W,R,78,W,272,59
R78Y,R,78,Y,101,0
D79*,D,79,*,3277,1639
D79A,D,79,A,541,528
D79C,D,79,C,99,16
D79D,D,79,D,4,0
D79E,D,79,E,427,456
D79F,D,79,F,532,29
D79G,D,79,G,240,26
D79H,D,79,H,316,129
D79I,D,79,I,1348,374
D79K,D,79,K,2323,462
D79L,D,79,L,1115,336
D79M,D,79,M,268,34
D79N,D,79,N,518,279
D79P,D,79,P,456,102
D79Q,D,79,Q,399,909
D79R,D,79,R,1832,293
D79S,D,79,S,830,938
D79T,D,79,T,1055,852
D79V,D,79,V,567,225
D79W,D,79,W,172,40
D79Y,D,79,Y,257,94
G80*,G,80,*,3302,1693
G80A,G,80,A,598,1818
G80C,G,80,C,434,936
G80D,G,80,D,933,95
G80E,G,80,E,754,263
G80F,G,80,F,465,19
G80G,G,80,G,745,762
G80H,G,80,H,177,23
G80I,G,80,I,708,298
G80K,G,80,K,512,39
G80L,G,80,L,975,313
G80M,G,80,M,202,340
G80N,G,80,N,1155,174
G80P,G,80,P,770,105
G80Q,G,80,Q,295,131
G80R,G,80,R,725,116
G80S,G,80,S,5167,8172
G80T,G,80,T,2380,1315
G80V,G,80,V,602,91
G80W,G,80,W,145,0
G80Y,G,80,Y,297,9
Y81*,Y,81,*,3563,1395
Y81A,Y,81,A,747,6
Y81C,Y,81,C,157,0
Y81D,Y,81,D,107,0
Y81E,Y,81,E,253,0
Y81F,Y,81,F,4167,7874
Y81G,Y,81,G,1799,62
Y81H,Y,81,H,248,552
Y81I,Y,81,I,354,0
Y81K,Y,81,K,330,4
Y81L,Y,81,L,646,194
Y81M,Y,81,M,220,87
Y81N,Y,81,N,353,47
Y81P,Y,81,P,1015,89
Y81Q,Y,81,Q,244,16
Y81R,Y,81,R,997,0
Y81S,Y,81,S,417,0
Y81T,Y,81,T,844,11
Y81V,Y,81,V,873,197
Y81W,Y,81,W,34,0
Y81Y,Y,81,Y,109,177
Y82*,Y,82,*,5670,2870
Y82A,Y,82,A,1197,491
Y82C,Y,82,C,165,63
Y82D,Y,82,D,153,0
Y82E,Y,82,E,379,0
Y82F,Y,82,F,484,216
Y82G,Y,82,G,2016,203
Y82H,Y,82,H,535,291
Y82I,Y,82,I,1712,1594
Y82K,Y,82,K,387,19
Y82L,Y,82,L,5735,11023
Y82M,Y,82,M,367,600
Y82N,Y,82,N,230,100
Y82P,Y,82,P,698,0
Y82Q,Y,82,Q,353,129
Y82R,Y,82,R,1745,32
Y82S,Y,82,S,1352,945
Y82T,Y,82,T,2543,4681
Y82V,Y,82,V,3042,3821
Y82W,Y,82,W,229,0
Y82Y,Y,82,Y,396,842
I83*,I,83,*,14166,5497
I83A,I,83,A,9202,6523
I83C,I,83,C,4028,9447
I83D,I,83,D,2618,677
I83E,I,83,E,3282,408
I83F,I,83,F,6167,9264
I83G,I,83,G,25277,13070
I83H,I,83,H,2299,1232
I83I,I,83,I,525,857
I83K,I,83,K,4569,450
I83L,I,83,L,6015,11277
I83M,I,83,M,1214,2363
I83N,I,83,N,5042,2938
I83P,I,83,P,2058,1541
I83Q,I,83,Q,5831,3145
I83R,I,83,R,5442,511
I83S,I,83,S,13532,7195
I83T,I,83,T,4566,9908
I83V,I,83,V,2045,3416
I83W,I,83,W,3633,1988
I83Y,I,83,Y,2231,756
N84*,N,84,*,4512,1501
N84A,N,84,A,2121,3741
N84C,N,84,C,1529,2447
N84D,N,84,D,693,1249
N84E,N,84,E,751,2161
N84F,N,84,F,3894,6317
N84G,N,84,G,9612,16864
N84H,N,84,H,1385,2496
N84I,N,84,I,598,519
N84K,N,84,K,2993,5968
N84L,N,84,L,4768,7247
N84M,N,84,M,53,58
N84N,N,84,N,229,663
N84P,N,84,P,3288,3273
N84Q,N,84,Q,1267,2377
N84R,N,84,R,8637,16871
N84S,N,84,S,2174,3375
N84T,N,84,T,2416,3723
N84V,N,84,V,2246,2538
N84W,N,84,W,12293,20534
N84Y,N,84,Y,1242,1833
A85*,A,85,*,5894,2136
A85A,A,85,A,1003,1471
A85C,A,85,C,733,713
A85D,A,85,D,2557,2868
A85E,A,85,E,2820,6067
A85F,A,85,F,885,53
A85G,A,85,G,2176,1210
A85H,A,85,H,693,721
A85I,A,85,I,329,149
A85K,A,85,K,638,26
A85L,A,85,L,4468,7576
A85M,A,85,M,386,373
A85N,A,85,N,1081,1061
A85P,A,85,P,1232,121
A85Q,A,85,Q,673,457
A85R,A,85,R,3015,2657
A85S,A,85,S,1919,3567
A85T,A,85,T,1865,3299
A85V,A,85,V,1096,1530
A85W,A,85,W,488,0
A85Y,A,85,Y,285,176
Q86*,Q,86,*,8707,4245
Q86A,Q,86,A,1999,2947
Q86C,Q,86,C,901,1652
Q86D,Q,86,D,840,1512
Q86E,Q,86,E,1297,2215
Q86F,Q,86,F,1323,1313
Q86G,Q,86,G,6297,11622
Q86H,Q,86,H,297,318
Q86I,Q,86,I,935,999
Q86K,Q,86,K,2923,5111
Q86L,Q,86,L,3119,4113
Q86M,Q,86,M,390,402
Q86N,Q,86,N,1243,1256
Q86P,Q,86,P,3448,5338
Q86Q,Q,86,Q,197,328
Q86R,Q,86,R,2950,5080
Q86S,Q,86,S,2867,4117
Q86T,Q,86,T,2025,2631
Q86V,Q,86,V,1385,1894
Q86W,Q,86,W,268,281
Q86Y,Q,86,Y,407,507
C87*,C,87,*,9784,3251
C87A,C,87,A,1567,2539
C87C,C,87,C,559,1007
C87D,C,87,D,3658,1324
C87E,C,87,E,7901,14368
C87F,C,87,F,3587,5367
C87G,C,87,G,1537,1982
C87H,C,87,H,4008,7680
C87I,C,87,I,736,701
C87K,C,87,K,20994,8434
C87L,C,87,L,2345,2419
C87M,C,87,M,528,723
C87N,C,87,N,1079,1668
C87P,C,87,P,24225,7067
C87Q,C,87,Q,2339,4687
C87R,C,87,R,13145,4301
C87S,C,87,S,3891,7224
C87T,C,87,T,2481,3844
C87V,C,87,V,1905,2369
C87W,C,87,W,6613,2898
C87Y,C,87,Y,7455,13111
A88*,A,88,*,11882,4772
A88A,A,88,A,734,1321
A88C,A,88,C,3521,7480
A88D,A,88,D,1678,1338
A88E,A,88,E,4955,4565
A88F,A,88,F,1273,119
A88G,A,88,G,3638,5552
A88H,A,88,H,1201,485
A88I,A,88,I,2102,2496
A88K,A,88,K,16462,4124
A88L,A,88,L,17055,4095
A88M,A,88,M,4533,3814
A88N,A,88,N,655,798
A88P,A,88,P,8694,2518
A88Q,A,88,Q,10923,2957
A88R,A,88,R,27355,6199
A88S,A,88,S,3655,6459
A88T,A,88,T,1661,3194
A88V,A,88,V,2113,3491
A88W,A,88,W,8788,1737
A88Y,A,88,Y,1478,366
I89*,I,89,*,9604,4537
I89A,I,89,A,1574,2012
I89C,I,89,C,876,811
I89D,I,89,D,8872,4800
I89E,I,89,E,8732,21395
I89F,I,89,F,995,1185
I89G,I,89,G,3836,3739
I89H,I,89,H,273,353
I89I,I,89,I,604,804
I89K,I,89,K,11110,10366
I89L,I,89,L,1794,2485
I89M,I,89,M,154,207
I89N,I,89,N,2968,5303
I89P,I,89,P,11997,4507
I89Q,I,89,Q,786,468
I89R,I,89,R,24430,8099
I89S,I,89,S,2506,4573
I89T,I,89,T,467,599
I89V,I,89,V,2067,3107
I89W,I,89,W,13602,8192
I89Y,I,89,Y,7098,5456
I90*,I,90,*,1596,559
I90A,I,90,A,15719,31537
I90C,I,90,C,3318,6917
I90D,I,90,D,10658,5028
I90E,I,90,E,2967,5671
I90F,I,90,F,12381,13554
I90G,I,90,G,59689,106911
I90H,I,90,H,2330,2266
I90I,I,90,I,467,782
I90K,I,90,K,2764,771
I90L,I,90,L,11070,21843
I90M,I,90,M,3473,7129
I90N,I,90,N,4229,7593
I90P,I,90,P,23216,13186
I90Q,I,90,Q,1549,2952
I90R,I,90,R,23177,4473
I90S,I,90,S,22984,43062
I90T,I,90,T,13961,27441
I90V,I,90,V,5463,9563
I90W,I,90,W,6266,1495
I90Y,I,90,Y,3214,5327
M91*,M,91,*,5485,2506
M91A,M,91,A,18155,33151
M91C,M,91,C,13933,26864
M91D,M,91,D,8741,1254
M91E,M,91,E,21334,13146
M91F,M,91,F,2700,3818
M91G,M,91,G,123011,92064
M91H,M,91,H,10179,12598
M91I,M,91,I,9850,19251
M91K,M,91,K,19602,7156
M91L,M,91,L,8763,19666
M91M,M,91,M,NA,NA
M91N,M,91,N,8242,13143
M91P,M,91,P,17176,2679
M91Q,M,91,Q,8103,17216
M91R,M,91,R,29266,4013
M91S,M,91,S,36726,59436
M91T,M,91,T,18316,33687
M91V,M,91,V,19264,36872
M91W,M,91,W,282,88
M91Y,M,91,Y,4009,6874
F92*,F,92,*,5850,2972
F92A,F,92,A,3833,7746
F92C,F,92,C,1521,2638
F92D,F,92,D,2499,343
F92E,F,92,E,2443,1141
F92F,F,92,F,1215,2044
F92G,F,92,G,45676,45241
F92H,F,92,H,2526,6510
F92I,F,92,I,3550,7757
F92K,F,92,K,5469,1736
F92L,F,92,L,5105,11014
F92M,F,92,M,117,201
F92N,F,92,N,3489,2612
F92P,F,92,P,49667,14400
F92Q,F,92,Q,4852,4601
F92R,F,92,R,6644,2182
F92S,F,92,S,5217,10396
F92T,F,92,T,4026,9019
F92V,F,92,V,3107,5406
F92W,F,92,W,178,0
F92Y,F,92,Y,2595,6652
D93*,D,93,*,11008,4698
D93A,D,93,A,226,0
D93C,D,93,C,288,0
D93D,D,93,D,148,140
D93E,D,93,E,413,391
D93F,D,93,F,7222,1164
D93G,D,93,G,1025,8
D93H,D,93,H,320,0
D93I,D,93,I,392,25
D93K,D,93,K,383,0
D93L,D,93,L,1205,75
D93M,D,93,M,215,0
D93N,D,93,N,146,0
D93P,D,93,P,23123,5306
D93Q,D,93,Q,385,0
D93R,D,93,R,1239,0
D93S,D,93,S,566,9
D93T,D,93,T,501,0
D93V,D,93,V,553,12
D93W,D,93,W,2212,472
D93Y,D,93,Y,4860,749
V94*,V,94,*,12825,5621
V94A,V,94,A,4370,9302
V94C,V,94,C,1552,2240
V94D,V,94,D,79,0
V94E,V,94,E,380,0
V94F,V,94,F,289,71
V94G,V,94,G,2711,3223
V94H,V,94,H,370,323
V94I,V,94,I,2310,4065
V94K,V,94,K,612,50
V94L,V,94,L,2902,2672
V94M,V,94,M,200,222
V94N,V,94,N,2463,5992
V94P,V,94,P,668,60
V94Q,V,94,Q,2147,3700
V94R,V,94,R,977,58
V94S,V,94,S,8350,17709
V94T,V,94,T,4725,9020
V94V,V,94,V,914,1398
V94W,V,94,W,368,16
V94Y,V,94,Y,555,298
T95*,T,95,*,12539,5405
T95A,T,95,A,885,877
T95C,T,95,C,1097,2236
T95D,T,95,D,1148,2574
T95E,T,95,E,2033,2871
T95F,T,95,F,659,51
T95G,T,95,G,932,741
T95H,T,95,H,507,942
T95I,T,95,I,433,63
T95K,T,95,K,852,17
T95L,T,95,L,4283,7426
T95M,T,95,M,136,140
T95N,T,95,N,1048,998
T95P,T,95,P,1970,2648
T95Q,T,95,Q,875,1138
T95R,T,95,R,842,42
T95S,T,95,S,1298,1273
T95T,T,95,T,958,1639
T95V,T,95,V,1121,1391
T95W,T,95,W,143,0
T95Y,T,95,Y,304,84
S96*,S,96,*,9946,4068
S96A,S,96,A,2330,3691
S96C,S,96,C,302,0
S96D,S,96,D,169,0
S96E,S,96,E,283,12
S96F,S,96,F,746,138
S96G,S,96,G,4505,7425
S96H,S,96,H,202,0
S96I,S,96,I,656,0
S96K,S,96,K,933,46
S96L,S,96,L,1134,121
S96M,S,96,M,177,0
S96N,S,96,N,328,0
S96P,S,96,P,7459,1025
S96Q,S,96,Q,185,0
S96R,S,96,R,615,22
S96S,S,96,S,2052,2727
S96T,S,96,T,969,662
S96V,S,96,V,951,23
S96W,S,96,W,263,18
S96Y,S,96,Y,168,0
R97*,R,97,*,5706,2071
R97A,R,97,A,2951,3973
R97C,R,97,C,1617,942
R97D,R,97,D,533,6
R97E,R,97,E,608,70
R97F,R,97,F,4646,566
R97G,R,97,G,1594,258
R97H,R,97,H,1551,223
R97I,R,97,I,4008,595
R97K,R,97,K,5067,10563
R97L,R,97,L,5548,1958
R97M,R,97,M,1547,693
R97N,R,97,N,2401,1267
R97P,R,97,P,2430,95
R97Q,R,97,Q,2089,1565
R97R,R,97,R,2487,3199
R97S,R,97,S,3681,5041
R97T,R,97,T,4326,525
R97V,R,97,V,7667,1928
R97W,R,97,W,2029,292
R97Y,R,97,Y,1363,60
I98*,I,98,*,5667,2011
I98A,I,98,A,2877,785
I98C,I,98,C,2811,6201
I98D,I,98,D,1601,167
I98E,I,98,E,4975,1038
I98F,I,98,F,5441,415
I98G,I,98,G,22795,6407
I98H,I,98,H,2229,316
I98I,I,98,I,420,487
I98K,I,98,K,4698,530
I98L,I,98,L,11410,17403
I98M,I,98,M,965,1143
I98N,I,98,N,1971,197
I98P,I,98,P,3903,875
I98Q,I,98,Q,3257,373
I98R,I,98,R,6746,922
I98S,I,98,S,9778,17035
I98T,I,98,T,4490,9204
I98V,I,98,V,2992,4878
I98W,I,98,W,1414,164
I98Y,I,98,Y,2039,391
T99*,T,99,*,7299,3373
T99A,T,99,A,3067,4940
T99C,T,99,C,404,583
T99D,T,99,D,245,35
T99E,T,99,E,814,67
T99F,T,99,F,214,0
T99G,T,99,G,1997,674
T99H,T,99,H,233,0
T99I,T,99,I,806,265
T99K,T,99,K,694,4
T99L,T,99,L,653,10
T99M,T,99,M,180,25
T99N,T,99,N,542,411
T99P,T,99,P,7889,2249
T99Q,T,99,Q,342,37
T99R,T,99,R,820,4
T99S,T,99,S,3575,6623
T99T,T,99,T,2364,3797
T99V,T,99,V,1632,3058
T99W,T,99,W,190,52
T99Y,T,99,Y,115,0
Y100*,Y,100,*,3257,863
Y100A,Y,100,A,1094,1570
Y100C,Y,100,C,565,1116
Y100D,Y,100,D,177,17
Y100E,Y,100,E,197,137
Y100F,Y,100,F,822,2083
Y100G,Y,100,G,815,398
Y100H,Y,100,H,1202,1820
Y100I,Y,100,I,395,425
Y100K,Y,100,K,452,727
Y100L,Y,100,L,2672,5907
Y100M,Y,100,M,280,693
Y100N,Y,100,N,576,1463
Y100P,Y,100,P,479,64
Y100Q,Y,100,Q,153,105
Y100R,Y,100,R,586,272
Y100S,Y,100,S,1128,1992
Y100T,Y,100,T,1182,1124
Y100V,Y,100,V,759,988
Y100W,Y,100,W,243,163
Y100Y,Y,100,Y,28,25
K101*,K,101,*,2036,779
K101A,K,101,A,3949,709
K101C,K,101,C,542,103
K101D,K,101,D,689,8
K101E,K,101,E,732,48
K101F,K,101,F,173,66
K101G,K,101,G,3030,264
K101H,K,101,H,409,105
K101I,K,101,I,640,778
K101K,K,101,K,59,159
K101L,K,101,L,2969,1689
K101M,K,101,M,48,65
K101N,K,101,N,261,75
K101P,K,101,P,484,42
K101Q,K,101,Q,316,22
K101R,K,101,R,1560,1873
K101S,K,101,S,2461,268
K101T,K,101,T,1827,235
K101V,K,101,V,1918,1303
K101W,K,101,W,394,24
K101Y,K,101,Y,179,17
N102*,N,102,*,1680,730
N102A,N,102,A,537,718
N102C,N,102,C,635,1406
N102D,N,102,D,218,230
N102E,N,102,E,42,22
N102F,N,102,F,1737,3008
N102G,N,102,G,533,753
N102H,N,102,H,625,534
N102I,N,102,I,1290,3261
N102K,N,102,K,182,99
N102L,N,102,L,353,0
N102M,N,102,M,162,563
N102N,N,102,N,20,44
N102P,N,102,P,4451,183
N102Q,N,102,Q,320,426
N102R,N,102,R,1056,1653
N102S,N,102,S,301,343
N102T,N,102,T,840,1245
N102V,N,102,V,2272,4667
N102W,N,102,W,555,1135
N102Y,N,102,Y,910,42
V103*,V,103,*,2478,904
V103A,V,103,A,519,690
V103C,V,103,C,217,309
V103D,V,103,D,1155,507
V103E,V,103,E,915,357
V103F,V,103,F,105,51
V103G,V,103,G,1234,1818
V103H,V,103,H,231,575
V103I,V,103,I,426,1051
V103K,V,103,K,1176,354
V103L,V,103,L,1301,2135
V103M,V,103,M,265,311
V103N,V,103,N,1079,1943
V103P,V,103,P,4885,1395
V103Q,V,103,Q,2361,3309
V103R,V,103,R,4076,1564
V103S,V,103,S,450,426
V103T,V,103,T,668,994
V103V,V,103,V,356,817
V103W,V,103,W,93,6
V103Y,V,103,Y,96,59
P104*,P,104,*,2000,843
P104A,P,104,A,3966,8837
P104C,P,104,C,420,706
P104D,P,104,D,1399,284
P104E,P,104,E,798,181
P104F,P,104,F,436,1026
P104G,P,104,G,3147,1841
P104H,P,104,H,1208,3677
P104I,P,104,I,827,762
P104K,P,104,K,517,89
P104L,P,104,L,1875,3879
P104M,P,104,M,109,135
P104N,P,104,N,349,222
P104P,P,104,P,536,673
P104Q,P,104,Q,3262,4559
P104R,P,104,R,4188,1326
P104S,P,104,S,3558,2500
P104T,P,104,T,1584,700
P104V,P,104,V,1154,2618
P104W,P,104,W,52,258
P104Y,P,104,Y,924,2181
N105*,N,105,*,3532,1215
N105A,N,105,A,793,1185
N105C,N,105,C,167,338
N105D,N,105,D,459,935
N105E,N,105,E,463,713
N105F,N,105,F,334,82
N105G,N,105,G,3785,6689
N105H,N,105,H,853,1893
N105I,N,105,I,726,1471
N105K,N,105,K,270,123
N105L,N,105,L,1197,2411
N105M,N,105,M,528,1150
N105N,N,105,N,14,27
N105P,N,105,P,1624,2602
N105Q,N,105,Q,457,745
N105R,N,105,R,3883,1413
N105S,N,105,S,787,1714
N105T,N,105,T,717,1251
N105V,N,105,V,1797,3972
N105W,N,105,W,661,1235
N105Y,N,105,Y,717,1230
W106*,W,106,*,2892,1638
W106A,W,106,A,5762,9770
W106C,W,106,C,2021,4141
W106D,W,106,D,3469,691
W106E,W,106,E,3037,866
W106F,W,106,F,124,25
W106G,W,106,G,13630,5355
W106H,W,106,H,414,753
W106I,W,106,I,205,132
W106K,W,106,K,156,24
W106L,W,106,L,1217,1743
W106M,W,106,M,118,0
W106N,W,106,N,5600,11042
W106P,W,106,P,5309,850
W106Q,W,106,Q,4873,9225
W106R,W,106,R,3419,5365
W106S,W,106,S,8189,14110
W106T,W,106,T,3839,6761
W106V,W,106,V,2039,3294
W106W,W,106,W,NA,NA
W106Y,W,106,Y,95,4
H107*,H,107,*,1925,957
H107A,H,107,A,3937,8414
H107C,H,107,C,1092,2944
H107D,H,107,D,1326,3287
H107E,H,107,E,496,1040
H107F,H,107,F,235,828
H107G,H,107,G,4967,11724
H107H,H,107,H,79,146
H107I,H,107,I,1419,2350
H107K,H,107,K,942,2247
H107L,H,107,L,932,1525
H107M,H,107,M,205,615
H107N,H,107,N,1100,2322
H107P,H,107,P,9169,1185
H107Q,H,107,Q,199,319
H107R,H,107,R,7828,19821
H107S,H,107,S,7358,17976
H107T,H,107,T,2699,5629
H107V,H,107,V,3955,7148
H107W,H,107,W,202,606
H107Y,H,107,Y,212,432
R108*,R,108,*,4171,1210
R108A,R,108,A,1717,2863
R108C,R,108,C,505,1101
R108D,R,108,D,1043,2211
R108E,R,108,E,1189,2662
R108F,R,108,F,422,916
R108G,R,108,G,2663,5337
R108H,R,108,H,640,1472
R108I,R,108,I,1345,3565
R108K,R,108,K,351,769
R108L,R,108,L,2928,7203
R108M,R,108,M,187,368
R108N,R,108,N,826,1483
R108P,R,108,P,6917,9216
R108Q,R,108,Q,1144,2547
R108R,R,108,R,1799,2755
R108S,R,108,S,1931,4104
R108T,R,108,T,1471,2732
R108V,R,108,V,1096,2451
R108W,R,108,W,341,571
R108Y,R,108,Y,1143,2748
D109*,D,109,*,2931,998
D109A,D,109,A,1277,1919
D109C,D,109,C,370,405
D109D,D,109,D,244,271
D109E,D,109,E,1498,3856
D109F,D,109,F,148,196
D109G,D,109,G,779,303
D109H,D,109,H,269,322
D109I,D,109,I,84,10
D109K,D,109,K,123,0
D109L,D,109,L,223,0
D109M,D,109,M,40,0
D109N,D,109,N,1216,2640
D109P,D,109,P,2639,1078
D109Q,D,109,Q,165,238
D109R,D,109,R,928,142
D109S,D,109,S,713,988
D109T,D,109,T,488,586
D109V,D,109,V,591,271
D109W,D,109,W,138,66
D109Y,D,109,Y,57,55
L110*,L,110,*,1937,1462
L110A,L,110,A,9072,20387
L110C,L,110,C,1817,4010
L110D,L,110,D,1516,264
L110E,L,110,E,3254,629
L110F,L,110,F,131,252
L110G,L,110,G,15157,30233
L110H,L,110,H,2109,1071
L110I,L,110,I,423,759
L110K,L,110,K,1049,261
L110L,L,110,L,569,926
L110M,L,110,M,372,641
L110N,L,110,N,3926,7808
L110P,L,110,P,8290,2501
L110Q,L,110,Q,2920,5985
L110R,L,110,R,13933,3208
L110S,L,110,S,4436,7998
L110T,L,110,T,4374,9105
L110V,L,110,V,1169,2838
L110W,L,110,W,2867,634
L110Y,L,110,Y,3109,662
V111*,V,111,*,2789,1144
V111A,V,111,A,1351,2120
V111C,V,111,C,273,381
V111D,V,111,D,74,297
V111E,V,111,E,270,446
V111F,V,111,F,142,328
V111G,V,111,G,1878,3679
V111H,V,111,H,596,1052
V111I,V,111,I,619,1341
V111K,V,111,K,819,1745
V111L,V,111,L,1782,3527
V111M,V,111,M,464,909
V111N,V,111,N,782,1376
V111P,V,111,P,10577,19362
V111Q,V,111,Q,249,419
V111R,V,111,R,1876,3076
V111S,V,111,S,1218,2598
V111T,V,111,T,1720,3179
V111V,V,111,V,706,1265
V111W,V,111,W,11,105
V111Y,V,111,Y,167,279
R112*,R,112,*,2269,801
R112A,R,112,A,843,1616
R112C,R,112,C,441,671
R112D,R,112,D,366,695
R112E,R,112,E,504,706
R112F,R,112,F,32,0
R112G,R,112,G,1762,3404
R112H,R,112,H,409,568
R112I,R,112,I,459,545
R112K,R,112,K,1143,2263
R112L,R,112,L,905,853
R112M,R,112,M,77,0
R112N,R,112,N,123,174
R112P,R,112,P,7323,6524
R112Q,R,112,Q,308,575
R112R,R,112,R,903,1332
R112S,R,112,S,851,1668
R112T,R,112,T,754,1133
R112V,R,112,V,548,569
R112W,R,112,W,124,31
R112Y,R,112,Y,159,76
V113*,V,113,*,3894,1444
V113A,V,113,A,2495,4548
V113C,V,113,C,379,668
V113D,V,113,D,541,552
V113E,V,113,E,1754,1658
V113F,V,113,F,1715,1260
V113G,V,113,G,2673,5758
V113H,V,113,H,2661,1911
V113I,V,113,I,636,1801
V113K,V,113,K,1089,270
V113L,V,113,L,4474,12256
V113M,V,113,M,467,987
V113N,V,113,N,356,581
V113P,V,113,P,4444,10113
V113Q,V,113,Q,779,2518
V113R,V,113,R,2757,884
V113S,V,113,S,3502,6016
V113T,V,113,T,1719,3217
V113V,V,113,V,272,376
V113W,V,113,W,832,616
V113Y,V,113,Y,1438,946
C114*,C,114,*,1894,1167
C114A,C,114,A,394,419
C114C,C,114,C,127,288
C114D,C,114,D,1359,3113
C114E,C,114,E,425,878
C114F,C,114,F,397,845
C114G,C,114,G,3157,6638
C114H,C,114,H,355,414
C114I,C,114,I,349,756
C114K,C,114,K,275,475
C114L,C,114,L,2413,5321
C114M,C,114,M,72,172
C114N,C,114,N,492,838
C114P,C,114,P,5944,11155
C114Q,C,114,Q,903,1570
C114R,C,114,R,1489,2647
C114S,C,114,S,1266,2718
C114T,C,114,T,267,176
C114V,C,114,V,659,877
C114W,C,114,W,36,58
C114Y,C,114,Y,472,703
E115*,E,115,*,4964,1619
E115A,E,115,A,594,603
E115C,E,115,C,247,314
E115D,E,115,D,402,663
E115E,E,115,E,240,256
E115F,E,115,F,113,165
E115G,E,115,G,1607,2962
E115H,E,115,H,200,246
E115I,E,115,I,307,513
E115K,E,115,K,222,472
E115L,E,115,L,956,1036
E115M,E,115,M,29,37
E115N,E,115,N,469,830
E115P,E,115,P,1015,1914
E115Q,E,115,Q,331,539
E115R,E,115,R,1119,1575
E115S,E,115,S,939,1332
E115T,E,115,T,446,829
E115V,E,115,V,960,1189
E115W,E,115,W,81,17
E115Y,E,115,Y,366,392
N116*,N,116,*,2757,1056
N116A,N,116,A,714,1089
N116C,N,116,C,154,301
N116D,N,116,D,261,395
N116E,N,116,E,552,1039
N116F,N,116,F,401,506
N116G,N,116,G,1249,2521
N116H,N,116,H,200,186
N116I,N,116,I,563,738
N116K,N,116,K,367,510
N116L,N,116,L,523,1030
N116M,N,116,M,104,211
N116N,N,116,N,158,255
N116P,N,116,P,744,1343
N116Q,N,116,Q,414,797
N116R,N,116,R,605,554
N116S,N,116,S,1083,1908
N116T,N,116,T,511,1004
N116V,N,116,V,836,1127
N116W,N,116,W,80,234
N116Y,N,116,Y,275,388
I117*,I,117,*,2312,976
I117A,I,117,A,1248,2130
I117C,I,117,C,622,769
I117D,I,117,D,956,2177
I117E,I,117,E,687,1277
I117F,I,117,F,195,266
I117G,I,117,G,6248,11417
I117H,I,117,H,211,171
I117I,I,117,I,550,659
I117K,I,117,K,165,151
I117L,I,117,L,1758,2761
I117M,I,117,M,297,495
I117N,I,117,N,652,734
I117P,I,117,P,2854,5803
I117Q,I,117,Q,712,819
I117R,I,117,R,661,499
I117S,I,117,S,949,1568
I117T,I,117,T,636,1288
I117V,I,117,V,921,1832
I117W,I,117,W,674,1424
I117Y,I,117,Y,59,68
P118*,P,118,*,2840,1127
P118A,P,118,A,1258,2451
P118C,P,118,C,825,1833
P118D,P,118,D,982,1301
P118E,P,118,E,786,1313
P118F,P,118,F,244,467
P118G,P,118,G,2497,4533
P118H,P,118,H,367,573
P118I,P,118,I,660,991
P118K,P,118,K,353,530
P118L,P,118,L,920,1001
P118M,P,118,M,155,479
P118N,P,118,N,774,1087
P118P,P,118,P,355,853
P118Q,P,118,Q,381,1257
P118R,P,118,R,1757,2111
P118S,P,118,S,1781,3192
P118T,P,118,T,1078,2085
P118V,P,118,V,1939,3546
P118W,P,118,W,196,335
P118Y,P,118,Y,99,72
I119*,I,119,*,1642,754
I119A,I,119,A,2699,6190
I119C,I,119,C,1054,2474
I119D,I,119,D,1534,2820
I119E,I,119,E,1192,2860
I119F,I,119,F,584,1186
I119G,I,119,G,4964,7828
I119H,I,119,H,436,687
I119I,I,119,I,258,392
I119K,I,119,K,354,851
I119L,I,119,L,869,1933
I119M,I,119,M,174,126
I119N,I,119,N,489,814
I119P,I,119,P,5229,9792
I119Q,I,119,Q,181,238
I119R,I,119,R,6029,10502
I119S,I,119,S,2749,5434
I119T,I,119,T,937,2110
I119V,I,119,V,2117,4847
I119W,I,119,W,2444,4574
I119Y,I,119,Y,236,495
V120*,V,120,*,399,260
V120A,V,120,A,3090,6912
V120C,V,120,C,496,800
V120D,V,120,D,1104,3081
V120E,V,120,E,1085,988
V120F,V,120,F,2202,3991
V120G,V,120,G,6534,12117
V120H,V,120,H,1854,2873
V120I,V,120,I,770,1293
V120K,V,120,K,2000,696
V120L,V,120,L,463,566
V120M,V,120,M,146,444
V120N,V,120,N,167,324
V120P,V,120,P,6274,12110
V120Q,V,120,Q,359,803
V120R,V,120,R,5280,443
V120S,V,120,S,2237,4431
V120T,V,120,T,684,799
V120V,V,120,V,336,678
V120W,V,120,W,701,306
V120Y,V,120,Y,2769,1572
L121*,L,121,*,1049,386
L121A,L,121,A,429,376
L121C,L,121,C,243,300
L121D,L,121,D,2415,1416
L121E,L,121,E,333,989
L121F,L,121,F,414,894
L121G,L,121,G,2441,4584
L121H,L,121,H,1354,2601
L121I,L,121,I,556,1084
L121K,L,121,K,1478,3538
L121L,L,121,L,760,943
L121M,L,121,M,253,233
L121N,L,121,N,556,769
L121P,L,121,P,7284,12294
L121Q,L,121,Q,705,1319
L121R,L,121,R,10447,4450
L121S,L,121,S,766,980
L121T,L,121,T,570,1405
L121V,L,121,V,444,469
L121W,L,121,W,508,256
L121Y,L,121,Y,337,504
C122*,C,122,*,1733,467
C122A,C,122,A,939,1366
C122C,C,122,C,143,231
C122D,C,122,D,1818,518
C122E,C,122,E,849,218
C122F,C,122,F,1254,398
C122G,C,122,G,2081,4077
C122H,C,122,H,2222,314
C122I,C,122,I,677,1434
C122K,C,122,K,1032,128
C122L,C,122,L,1067,2626
C122M,C,122,M,843,1801
C122N,C,122,N,934,1498
C122P,C,122,P,14804,4652
C122Q,C,122,Q,3786,7888
C122R,C,122,R,10303,1788
C122S,C,122,S,722,658
C122T,C,122,T,1256,1589
C122V,C,122,V,583,1128
C122W,C,122,W,1267,104
C122Y,C,122,Y,2768,307
G123*,G,123,*,1446,685
G123A,G,123,A,516,279
G123C,G,123,C,770,2320
G123D,G,123,D,17,NA
G123E,G,123,E,705,102
G123F,G,123,F,1505,311
G123G,G,123,G,582,1298
G123H,G,123,H,197,33
G123I,G,123,I,2699,146
G123K,G,123,K,351,543
G123L,G,123,L,4084,5366
G123M,G,123,M,460,512
G123N,G,123,N,64,69
G123P,G,123,P,3019,709
G123Q,G,123,Q,181,12
G123R,G,123,R,1261,133
G123S,G,123,S,2018,3874
G123T,G,123,T,7058,1396
G123V,G,123,V,1741,73
G123W,G,123,W,13,NA
G123Y,G,123,Y,420,9
N124*,N,124,*,3008,1268
N124A,N,124,A,270,84
N124C,N,124,C,428,627
N124D,N,124,D,1116,479
N124E,N,124,E,3631,339
N124F,N,124,F,61,0
N124G,N,124,G,872,1059
N124H,N,124,H,2550,523
N124I,N,124,I,1252,152
N124K,N,124,K,218,51
N124L,N,124,L,4937,1144
N124M,N,124,M,38,11
N124N,N,124,N,172,104
N124P,N,124,P,8678,1750
N124Q,N,124,Q,3574,7525
N124R,N,124,R,3774,576
N124S,N,124,S,217,143
N124T,N,124,T,115,38
N124V,N,124,V,908,74
N124W,N,124,W,23,0
N124Y,N,124,Y,77,0
K125*,K,125,*,2571,937
K125A,K,125,A,173,0
K125C,K,125,C,69,0
K125D,K,125,D,106,0
K125E,K,125,E,102,0
K125F,K,125,F,69,0
K125G,K,125,G,136,0
K125H,K,125,H,74,0
K125I,K,125,I,43,0
K125K,K,125,K,333,323
K125L,K,125,L,346,0
K125M,K,125,M,27,0
K125N,K,125,N,30,0
K125P,K,125,P,4512,370
K125Q,K,125,Q,152,0
K125R,K,125,R,1398,212
K125S,K,125,S,442,146
K125T,K,125,T,266,0
K125V,K,125,V,153,0
K125W,K,125,W,122,0
K125Y,K,125,Y,114,0
V126*,V,126,*,1955,514
V126A,V,126,A,272,336
V126C,V,126,C,196,349
V126D,V,126,D,107,20
V126E,V,126,E,49,0
V126F,V,126,F,88,0
V126G,V,126,G,1130,2302
V126H,V,126,H,51,0
V126I,V,126,I,198,157
V126K,V,126,K,38,0
V126L,V,126,L,295,375
V126M,V,126,M,69,0
V126N,V,126,N,1564,1637
V126P,V,126,P,47,0
V126Q,V,126,Q,18,16
V126R,V,126,R,143,0
V126S,V,126,S,230,85
V126T,V,126,T,72,16
V126V,V,126,V,167,116
V126W,V,126,W,35,0
V126Y,V,126,Y,26,6
D127*,D,127,*,2856,1148
D127A,D,127,A,180,0
D127C,D,127,C,94,0
D127D,D,127,D,92,167
D127E,D,127,E,783,1421
D127F,D,127,F,73,0
D127G,D,127,G,342,0
D127H,D,127,H,52,0
D127I,D,127,I,65,0
D127K,D,127,K,69,16
D127L,D,127,L,312,0
D127M,D,127,M,37,0
D127N,D,127,N,78,0
D127P,D,127,P,115,0
D127Q,D,127,Q,47,0
D127R,D,127,R,296,13
D127S,D,127,S,252,0
D127T,D,127,T,99,0
D127V,D,127,V,210,0
D127W,D,127,W,191,50
D127Y,D,127,Y,54,0
V128*,V,128,*,3511,1549
V128A,V,128,A,179,252
V128C,V,128,C,267,297
V128D,V,128,D,352,490
V128E,V,128,E,343,834
V128F,V,128,F,652,789
V128G,V,128,G,1009,641
V128H,V,128,H,154,76
V128I,V,128,I,380,729
V128K,V,128,K,53,0
V128L,V,128,L,683,695
V128M,V,128,M,60,44
V128N,V,128,N,182,327
V128P,V,128,P,104,0
V128Q,V,128,Q,77,136
V128R,V,128,R,169,20
V128S,V,128,S,548,113
V128T,V,128,T,307,398
V128V,V,128,V,1022,1624
V128W,V,128,W,223,279
V128Y,V,128,Y,469,409
K129*,K,129,*,3319,1714
K129A,K,129,A,553,652
K129C,K,129,C,NA,NA
K129D,K,129,D,119,201
K129E,K,129,E,315,566
K129F,K,129,F,282,112
K129G,K,129,G,840,915
K129H,K,129,H,205,395
K129I,K,129,I,963,1519
K129K,K,129,K,NA,NA
K129L,K,129,L,1237,1788
K129M,K,129,M,257,384
K129N,K,129,N,38,22
K129P,K,129,P,882,946
K129Q,K,129,Q,1124,1163
K129R,K,129,R,1300,1872
K129S,K,129,S,826,1440
K129T,K,129,T,801,1570
K129V,K,129,V,684,1624
K129W,K,129,W,47,38
K129Y,K,129,Y,83,72
E130*,E,130,*,1705,722
E130A,E,130,A,827,761
E130C,E,130,C,221,234
E130D,E,130,D,143,326
E130E,E,130,E,233,184
E130F,E,130,F,91,0
E130G,E,130,G,1388,883
E130H,E,130,H,352,490
E130I,E,130,I,171,75
E130K,E,130,K,72,30
E130L,E,130,L,217,201
E130M,E,130,M,57,91
E130N,E,130,N,183,220
E130P,E,130,P,414,257
E130Q,E,130,Q,74,93
E130R,E,130,R,842,445
E130S,E,130,S,513,449
E130T,E,130,T,304,401
E130V,E,130,V,512,718
E130W,E,130,W,45,19
E130Y,E,130,Y,76,8
R131*,R,131,*,2855,993
R131A,R,131,A,1678,1722
R131C,R,131,C,346,329
R131D,R,131,D,34,0
R131E,R,131,E,204,12
R131F,R,131,F,58,13
R131G,R,131,G,3096,579
R131H,R,131,H,125,72
R131I,R,131,I,550,742
R131K,R,131,K,151,209
R131L,R,131,L,321,470
R131M,R,131,M,0,33
R131N,R,131,N,102,415
R131P,R,131,P,364,197
R131Q,R,131,Q,97,190
R131R,R,131,R,1061,1467
R131S,R,131,S,720,890
R131T,R,131,T,1673,2748
R131V,R,131,V,313,614
R131W,R,131,W,18,0
R131Y,R,131,Y,31,105
K132*,K,132,*,1603,583
K132A,K,132,A,329,14
K132C,K,132,C,23,0
K132D,K,132,D,37,0
K132E,K,132,E,126,0
K132F,K,132,F,21,0
K132G,K,132,G,284,0
K132H,K,132,H,605,671
K132I,K,132,I,117,64
K132K,K,132,K,39,119
K132L,K,132,L,296,0
K132M,K,132,M,61,0
K132N,K,132,N,144,0
K132P,K,132,P,886,33
K132Q,K,132,Q,136,0
K132R,K,132,R,538,20
K132S,K,132,S,310,105
K132T,K,132,T,381,7
K132V,K,132,V,126,28
K132W,K,132,W,19,0
K132Y,K,132,Y,39,0
V133*,V,133,*,8262,3185
V133A,V,133,A,353,417
V133C,V,133,C,1281,2875
V133D,V,133,D,67,0
V133E,V,133,E,153,11
V133F,V,133,F,191,0
V133G,V,133,G,186,0
V133H,V,133,H,89,0
V133I,V,133,I,217,216
V133K,V,133,K,90,0
V133L,V,133,L,2932,6644
V133M,V,133,M,256,354
V133N,V,133,N,268,339
V133P,V,133,P,448,67
V133Q,V,133,Q,315,455
V133R,V,133,R,271,57
V133S,V,133,S,482,56
V133T,V,133,T,1629,3417
V133V,V,133,V,382,369
V133W,V,133,W,129,0
V133Y,V,133,Y,114,0
K134*,K,134,*,2659,1208
K134A,K,134,A,655,999
K134C,K,134,C,259,629
K134D,K,134,D,247,199
K134E,K,134,E,146,118
K134F,K,134,F,284,558
K134G,K,134,G,2669,5082
K134H,K,134,H,514,554
K134I,K,134,I,553,908
K134K,K,134,K,50,61
K134L,K,134,L,831,639
K134M,K,134,M,97,284
K134N,K,134,N,333,558
K134P,K,134,P,909,674
K134Q,K,134,Q,61,230
K134R,K,134,R,2511,4677
K134S,K,134,S,1294,2304
K134T,K,134,T,494,681
K134V,K,134,V,960,1276
K134W,K,134,W,702,742
K134Y,K,134,Y,403,704
A135*,A,135,*,4548,1806
A135A,A,135,A,495,708
A135C,A,135,C,2003,4572
A135D,A,135,D,67,0
A135E,A,135,E,63,0
A135F,A,135,F,122,105
A135G,A,135,G,1704,2383
A135H,A,135,H,768,877
A135I,A,135,I,2487,6145
A135K,A,135,K,123,0
A135L,A,135,L,825,1086
A135M,A,135,M,161,469
A135N,A,135,N,654,1239
A135P,A,135,P,2076,4740
A135Q,A,135,Q,144,19
A135R,A,135,R,470,29
A135S,A,135,S,836,1183
A135T,A,135,T,1123,2130
A135V,A,135,V,4456,8924
A135W,A,135,W,147,286
A135Y,A,135,Y,238,186
K136*,K,136,*,3936,1458
K136A,K,136,A,880,1958
K136C,K,136,C,605,973
K136D,K,136,D,101,251
K136E,K,136,E,755,1302
K136F,K,136,F,527,816
K136G,K,136,G,3644,6982
K136H,K,136,H,201,449
K136I,K,136,I,405,675
K136K,K,136,K,158,57
K136L,K,136,L,2136,3913
K136M,K,136,M,215,446
K136N,K,136,N,223,561
K136P,K,136,P,1109,1952
K136Q,K,136,Q,376,265
K136R,K,136,R,1928,3000
K136S,K,136,S,949,1146
K136T,K,136,T,419,1043
K136V,K,136,V,1234,2793
K136W,K,136,W,984,1901
K136Y,K,136,Y,614,988
T137*,T,137,*,5338,2326
T137A,T,137,A,1999,3906
T137C,T,137,C,434,456
T137D,T,137,D,527,340
T137E,T,137,E,3345,5088
T137F,T,137,F,373,535
T137G,T,137,G,2668,5420
T137H,T,137,H,532,760
T137I,T,137,I,552,799
T137K,T,137,K,119,178
T137L,T,137,L,800,1532
T137M,T,137,M,375,699
T137N,T,137,N,536,1047
T137P,T,137,P,410,377
T137Q,T,137,Q,855,1545
T137R,T,137,R,1850,2867
T137S,T,137,S,1642,2314
T137T,T,137,T,109,222
T137V,T,137,V,1420,2322
T137W,T,137,W,115,69
T137Y,T,137,Y,297,346
I138*,I,138,*,2697,1056
I138A,I,138,A,465,861
I138C,I,138,C,270,347
I138D,I,138,D,192,271
I138E,I,138,E,326,571
I138F,I,138,F,92,118
I138G,I,138,G,1489,1955
I138H,I,138,H,109,116
I138I,I,138,I,528,909
I138K,I,138,K,241,286
I138L,I,138,L,2271,4473
I138M,I,138,M,578,1165
I138N,I,138,N,100,112
I138P,I,138,P,365,412
I138Q,I,138,Q,442,550
I138R,I,138,R,921,1765
I138S,I,138,S,598,569
I138T,I,138,T,299,361
I138V,I,138,V,917,1088
I138W,I,138,W,218,315
I138Y,I,138,Y,186,384
T139*,T,139,*,2658,1203
T139A,T,139,A,397,891
T139C,T,139,C,469,981
T139D,T,139,D,380,353
T139E,T,139,E,346,379
T139F,T,139,F,535,1687
T139G,T,139,G,1698,2876
T139H,T,139,H,167,354
T139I,T,139,I,673,929
T139K,T,139,K,336,398
T139L,T,139,L,2345,4332
T139M,T,139,M,707,1229
T139N,T,139,N,233,586
T139P,T,139,P,313,242
T139Q,T,139,Q,302,526
T139R,T,139,R,1017,1461
T139S,T,139,S,1140,1649
T139T,T,139,T,981,1368
T139V,T,139,V,646,911
T139W,T,139,W,705,1413
T139Y,T,139,Y,216,285
F140*,F,140,*,1873,572
F140A,F,140,A,538,582
F140C,F,140,C,588,571
F140D,F,140,D,246,261
F140E,F,140,E,105,213
F140F,F,140,F,217,384
F140G,F,140,G,1303,1252
F140H,F,140,H,776,825
F140I,F,140,I,168,239
F140K,F,140,K,138,194
F140L,F,140,L,391,916
F140M,F,140,M,207,365
F140N,F,140,N,153,269
F140P,F,140,P,409,447
F140Q,F,140,Q,138,188
F140R,F,140,R,946,1510
F140S,F,140,S,798,1047
F140T,F,140,T,515,425
F140V,F,140,V,457,530
F140W,F,140,W,283,365
F140Y,F,140,Y,360,881
H141*,H,141,*,2981,1046
H141A,H,141,A,178,26
H141C,H,141,C,247,85
H141D,H,141,D,244,47
H141E,H,141,E,131,88
H141F,H,141,F,1283,2748
H141G,H,141,G,1066,611
H141H,H,141,H,79,87
H141I,H,141,I,663,1927
H141K,H,141,K,383,397
H141L,H,141,L,548,1305
H141M,H,141,M,62,143
H141N,H,141,N,82,65
H141P,H,141,P,278,125
H141Q,H,141,Q,51,32
H141R,H,141,R,674,929
H141S,H,141,S,299,107
H141T,H,141,T,187,110
H141V,H,141,V,384,382
H141W,H,141,W,254,798
H141Y,H,141,Y,76,70
R142*,R,142,*,3321,1363
R142A,R,142,A,664,1183
R142C,R,142,C,259,475
R142D,R,142,D,315,206
R142E,R,142,E,403,332
R142F,R,142,F,525,950
R142G,R,142,G,1293,2173
R142H,R,142,H,189,254
R142I,R,142,I,495,872
R142K,R,142,K,376,566
R142L,R,142,L,925,2187
R142M,R,142,M,104,210
R142N,R,142,N,241,308
R142P,R,142,P,219,145
R142Q,R,142,Q,161,158
R142R,R,142,R,582,856
R142S,R,142,S,478,616
R142T,R,142,T,734,809
R142V,R,142,V,889,1297
R142W,R,142,W,240,333
R142Y,R,142,Y,140,267
K143*,K,143,*,1920,1038
K143A,K,143,A,364,272
K143C,K,143,C,52,108
K143D,K,143,D,216,109
K143E,K,143,E,179,183
K143F,K,143,F,125,120
K143G,K,143,G,88,149
K143H,K,143,H,130,316
K143I,K,143,I,329,556
K143K,K,143,K,36,155
K143L,K,143,L,605,1353
K143M,K,143,M,173,197
K143N,K,143,N,32,56
K143P,K,143,P,293,419
K143Q,K,143,Q,186,224
K143R,K,143,R,1343,3254
K143S,K,143,S,346,458
K143T,K,143,T,202,218
K143V,K,143,V,271,543
K143W,K,143,W,147,204
K143Y,K,143,Y,29,101
K144*,K,144,*,4105,1788
K144A,K,144,A,235,274
K144C,K,144,C,319,406
K144D,K,144,D,115,109
K144E,K,144,E,634,1152
K144F,K,144,F,433,564
K144G,K,144,G,713,617
K144H,K,144,H,210,299
K144I,K,144,I,303,455
K144K,K,144,K,222,477
K144L,K,144,L,474,551
K144M,K,144,M,322,623
K144N,K,144,N,405,433
K144P,K,144,P,242,136
K144Q,K,144,Q,318,725
K144R,K,144,R,782,1243
K144S,K,144,S,447,519
K144T,K,144,T,360,590
K144V,K,144,V,536,408
K144W,K,144,W,103,227
K144Y,K,144,Y,401,477
N145*,N,145,*,1860,730
N145A,N,145,A,379,458
N145C,N,145,C,141,283
N145D,N,145,D,603,986
N145E,N,145,E,1482,2984
N145F,N,145,F,487,405
N145G,N,145,G,1844,2456
N145H,N,145,H,177,154
N145I,N,145,I,400,766
N145K,N,145,K,741,1739
N145L,N,145,L,679,654
N145M,N,145,M,25,6
N145N,N,145,N,125,335
N145P,N,145,P,970,1043
N145Q,N,145,Q,905,1057
N145R,N,145,R,338,175
N145S,N,145,S,805,1364
N145T,N,145,T,380,693
N145V,N,145,V,721,876
N145W,N,145,W,164,67
N145Y,N,145,Y,93,0
L146*,L,146,*,5283,2284
L146A,L,146,A,586,494
L146C,L,146,C,90,185
L146D,L,146,D,170,137
L146E,L,146,E,358,360
L146F,L,146,F,877,2313
L146G,L,146,G,624,520
L146H,L,146,H,198,84
L146I,L,146,I,452,693
L146K,L,146,K,365,297
L146L,L,146,L,901,1591
L146M,L,146,M,47,124
L146N,L,146,N,235,148
L146P,L,146,P,1676,3889
L146Q,L,146,Q,159,249
L146R,L,146,R,228,140
L146S,L,146,S,907,1726
L146T,L,146,T,327,549
L146V,L,146,V,409,549
L146W,L,146,W,529,1454
L146Y,L,146,Y,264,590
Q147*,Q,147,*,2802,1125
Q147A,Q,147,A,1134,2159
Q147C,Q,147,C,71,93
Q147D,Q,147,D,959,2436
Q147E,Q,147,E,1102,2750
Q147F,Q,147,F,468,1140
Q147G,Q,147,G,2226,4409
Q147H,Q,147,H,344,273
Q147I,Q,147,I,1057,2033
Q147K,Q,147,K,336,155
Q147L,Q,147,L,1852,4431
Q147M,Q,147,M,67,45
Q147N,Q,147,N,641,809
Q147P,Q,147,P,2388,5241
Q147Q,Q,147,Q,68,36
Q147R,Q,147,R,379,359
Q147S,Q,147,S,1452,3230
Q147T,Q,147,T,1231,2045
Q147V,Q,147,V,441,594
Q147W,Q,147,W,70,74
Q147Y,Q,147,Y,147,194
Y148*,Y,148,*,3041,1186
Y148A,Y,148,A,1348,2665
Y148C,Y,148,C,422,1336
Y148D,Y,148,D,349,642
Y148E,Y,148,E,197,206
Y148F,Y,148,F,374,282
Y148G,Y,148,G,1571,2540
Y148H,Y,148,H,225,291
Y148I,Y,148,I,1528,4208
Y148K,Y,148,K,267,37
Y148L,Y,148,L,1509,2602
Y148M,Y,148,M,120,184
Y148N,Y,148,N,464,766
Y148P,Y,148,P,3911,8773
Y148Q,Y,148,Q,152,246
Y148R,Y,148,R,260,175
Y148S,Y,148,S,802,1366
Y148T,Y,148,T,1116,2722
Y148V,Y,148,V,2830,6535
Y148W,Y,148,W,361,654
Y148Y,Y,148,Y,207,123
Y149*,Y,149,*,2781,953
Y149A,Y,149,A,1168,2394
Y149C,Y,149,C,388,946
Y149D,Y,149,D,1430,2474
Y149E,Y,149,E,988,2156
Y149F,Y,149,F,819,1634
Y149G,Y,149,G,2388,3660
Y149H,Y,149,H,785,1315
Y149I,Y,149,I,1132,1608
Y149K,Y,149,K,1427,2467
Y149L,Y,149,L,737,584
Y149M,Y,149,M,198,63
Y149N,Y,149,N,484,896
Y149P,Y,149,P,5028,786
Y149Q,Y,149,Q,399,699
Y149R,Y,149,R,3884,8416
Y149S,Y,149,S,1665,3083
Y149T,Y,149,T,957,1783
Y149V,Y,149,V,1935,3630
Y149W,Y,149,W,504,1110
Y149Y,Y,149,Y,85,97
D150*,D,150,*,1412,494
D150A,D,150,A,514,772
D150C,D,150,C,2210,5341
D150D,D,150,D,30,32
D150E,D,150,E,132,176
D150F,D,150,F,2751,2225
D150G,D,150,G,1502,1373
D150H,D,150,H,824,107
D150I,D,150,I,546,46
D150K,D,150,K,12,0
D150L,D,150,L,3028,550
D150M,D,150,M,1250,562
D150N,D,150,N,436,703
D150P,D,150,P,1477,1641
D150Q,D,150,Q,719,977
D150R,D,150,R,692,78
D150S,D,150,S,4159,8679
D150T,D,150,T,1870,2626
D150V,D,150,V,1036,71
D150W,D,150,W,5833,7624
D150Y,D,150,Y,280,606
I151*,I,151,*,3913,1242
I151A,I,151,A,4210,7307
I151C,I,151,C,1204,2711
I151D,I,151,D,2002,226
I151E,I,151,E,5786,1407
I151F,I,151,F,2059,3094
I151G,I,151,G,30618,19104
I151H,I,151,H,121,229
I151I,I,151,I,411,350
I151K,I,151,K,6929,905
I151L,I,151,L,400,506
I151M,I,151,M,46,81
I151N,I,151,N,3994,2853
I151P,I,151,P,1173,53
I151Q,I,151,Q,1502,3439
I151R,I,151,R,11032,942
I151S,I,151,S,5516,10928
I151T,I,151,T,1753,2097
I151V,I,151,V,2923,6054
I151W,I,151,W,2018,36
I151Y,I,151,Y,13,0
S152*,S,152,*,4912,1374
S152A,S,152,A,8660,14918
S152C,S,152,C,3161,6153
S152D,S,152,D,456,0
S152E,S,152,E,501,17
S152F,S,152,F,78,0
S152G,S,152,G,443,0
S152H,S,152,H,96,0
S152I,S,152,I,1321,175
S152K,S,152,K,173,0
S152L,S,152,L,326,18
S152M,S,152,M,52,0
S152N,S,152,N,128,0
S152P,S,152,P,254,0
S152Q,S,152,Q,98,0
S152R,S,152,R,337,5
S152S,S,152,S,901,1849
S152T,S,152,T,1348,840
S152V,S,152,V,1498,60
S152W,S,152,W,77,0
S152Y,S,152,Y,106,0
A153*,A,153,*,3615,1279
A153A,A,153,A,383,709
A153C,A,153,C,78,0
A153D,A,153,D,32,0
A153E,A,153,E,86,0
A153F,A,153,F,405,0
A153G,A,153,G,6283,12880
A153H,A,153,H,180,18
A153I,A,153,I,123,0
A153K,A,153,K,437,6
A153L,A,153,L,435,0
A153M,A,153,M,21,0
A153N,A,153,N,73,0
A153P,A,153,P,212,0
A153Q,A,153,Q,182,0
A153R,A,153,R,620,0
A153S,A,153,S,364,58
A153T,A,153,T,181,0
A153V,A,153,V,93,0
A153W,A,153,W,439,9
A153Y,A,153,Y,104,0
K154*,K,154,*,3264,995
K154A,K,154,A,3816,8697
K154C,K,154,C,4824,10511
K154D,K,154,D,76,0
K154E,K,154,E,4774,7608
K154F,K,154,F,4045,8445
K154G,K,154,G,32253,57556
K154H,K,154,H,3226,6303
K154I,K,154,I,4033,7462
K154K,K,154,K,526,677
K154L,K,154,L,9340,20800
K154M,K,154,M,941,2106
K154N,K,154,N,2526,4606
K154P,K,154,P,3275,209
K154Q,K,154,Q,2405,4242
K154R,K,154,R,1252,968
K154S,K,154,S,10995,22821
K154T,K,154,T,5590,4990
K154V,K,154,V,7464,15537
K154W,K,154,W,3071,5556
K154Y,K,154,Y,1076,2872
S155*,S,155,*,2790,1177
S155A,S,155,A,2317,4170
S155C,S,155,C,202,90
S155D,S,155,D,69,0
S155E,S,155,E,106,6
S155F,S,155,F,320,0
S155G,S,155,G,10359,18359
S155H,S,155,H,76,0
S155I,S,155,I,91,0
S155K,S,155,K,513,29
S155L,S,155,L,639,15
S155M,S,155,M,30,0
S155N,S,155,N,66,24
S155P,S,155,P,4457,552
S155Q,S,155,Q,294,23
S155R,S,155,R,95,0
S155S,S,155,S,404,682
S155T,S,155,T,112,0
S155V,S,155,V,233,0
S155W,S,155,W,22,0
S155Y,S,155,Y,73,0
N156*,N,156,*,2451,783
N156A,N,156,A,194,0
N156C,N,156,C,135,0
N156D,N,156,D,139,0
N156E,N,156,E,110,14
N156F,N,156,F,258,0
N156G,N,156,G,825,0
N156H,N,156,H,70,0
N156I,N,156,I,49,0
N156K,N,156,K,83,0
N156L,N,156,L,407,0
N156M,N,156,M,11,0
N156N,N,156,N,70,125
N156P,N,156,P,452,0
N156Q,N,156,Q,157,0
N156R,N,156,R,451,0
N156S,N,156,S,310,0
N156T,N,156,T,131,0
N156V,N,156,V,257,17
N156W,N,156,W,130,81
N156Y,N,156,Y,51,0
Y157*,Y,157,*,1953,477
Y157A,Y,157,A,272,154
Y157C,Y,157,C,47,0
Y157D,Y,157,D,49,37
Y157E,Y,157,E,80,0
Y157F,Y,157,F,1246,2019
Y157G,Y,157,G,10112,18864
Y157H,Y,157,H,39,0
Y157I,Y,157,I,302,0
Y157K,Y,157,K,118,48
Y157L,Y,157,L,346,93
Y157M,Y,157,M,119,0
Y157N,Y,157,N,21,0
Y157P,Y,157,P,5154,1046
Y157Q,Y,157,Q,80,0
Y157R,Y,157,R,342,27
Y157S,Y,157,S,337,46
Y157T,Y,157,T,196,0
Y157V,Y,157,V,534,75
Y157W,Y,157,W,569,818
Y157Y,Y,157,Y,98,119
N158*,N,158,*,3526,1007
N158A,N,158,A,5430,11275
N158C,N,158,C,1722,3510
N158D,N,158,D,526,1264
N158E,N,158,E,1110,2871
N158F,N,158,F,6498,14200
N158G,N,158,G,5341,11490
N158H,N,158,H,349,451
N158I,N,158,I,1367,141
N158K,N,158,K,804,2199
N158L,N,158,L,8398,16951
N158M,N,158,M,409,686
N158N,N,158,N,40,41
N158P,N,158,P,1233,61
N158Q,N,158,Q,202,306
N158R,N,158,R,8620,18667
N158S,N,158,S,8849,15648
N158T,N,158,T,315,0
N158V,N,158,V,3227,217
N158W,N,158,W,3551,5530
N158Y,N,158,Y,1089,1420
F159*,F,159,*,2630,799
F159A,F,159,A,121,0
F159C,F,159,C,88,0
F159D,F,159,D,154,8
F159E,F,159,E,202,0
F159F,F,159,F,204,447
F159G,F,159,G,714,13
F159H,F,159,H,55,0
F159I,F,159,I,61,0
F159K,F,159,K,355,16
F159L,F,159,L,246,0
F159M,F,159,M,72,0
F159N,F,159,N,85,0
F159P,F,159,P,281,0
F159Q,F,159,Q,114,15
F159R,F,159,R,527,29
F159S,F,159,S,278,0
F159T,F,159,T,172,0
F159V,F,159,V,351,24
F159W,F,159,W,3043,6520
F159Y,F,159,Y,173,141
E160*,E,160,*,2666,578
E160A,E,160,A,196,0
E160C,E,160,C,143,0
E160D,E,160,D,66,46
E160E,E,160,E,40,135
E160F,E,160,F,309,79
E160G,E,160,G,395,0
E160H,E,160,H,78,22
E160I,E,160,I,164,0
E160K,E,160,K,55,0
E160L,E,160,L,424,0
E160M,E,160,M,107,0
E160N,E,160,N,77,0
E160P,E,160,P,355,13
E160Q,E,160,Q,120,0
E160R,E,160,R,514,24
E160S,E,160,S,393,0
E160T,E,160,T,195,0
E160V,E,160,V,171,44
E160W,E,160,W,134,0
E160Y,E,160,Y,64,8
K161*,K,161,*,1988,537
K161A,K,161,A,2079,3312
K161C,K,161,C,1182,2249
K161D,K,161,D,1214,1862
K161E,K,161,E,1651,2628
K161F,K,161,F,1824,3394
K161G,K,161,G,41637,78007
K161H,K,161,H,331,386
K161I,K,161,I,274,315
K161K,K,161,K,156,331
K161L,K,161,L,788,1225
K161M,K,161,M,32,47
K161N,K,161,N,593,1596
K161P,K,161,P,8257,3352
K161Q,K,161,Q,403,561
K161R,K,161,R,981,1621
K161S,K,161,S,1720,3339
K161T,K,161,T,1082,1834
K161V,K,161,V,1086,1528
K161W,K,161,W,108,470
K161Y,K,161,Y,450,682
P162*,P,162,*,5189,1189
P162A,P,162,A,5484,10265
P162C,P,162,C,2707,5274
P162D,P,162,D,3566,202
P162E,P,162,E,7208,734
P162F,P,162,F,3521,232
P162G,P,162,G,44692,76656
P162H,P,162,H,3536,719
P162I,P,162,I,1278,2069
P162K,P,162,K,6593,584
P162L,P,162,L,3044,4175
P162M,P,162,M,972,559
P162N,P,162,N,3960,2836
P162P,P,162,P,557,991
P162Q,P,162,Q,5456,1661
P162R,P,162,R,10170,1473
P162S,P,162,S,10458,18417
P162T,P,162,T,2822,4855
P162V,P,162,V,6301,9868
P162W,P,162,W,3056,370
P162Y,P,162,Y,1170,181
F163*,F,163,*,3858,1045
F163A,F,163,A,213,28
F163C,F,163,C,117,0
F163D,F,163,D,1921,304
F163E,F,163,E,2991,474
F163F,F,163,F,1677,3199
F163G,F,163,G,1135,174
F163H,F,163,H,449,484
F163I,F,163,I,108,0
F163K,F,163,K,12147,2476
F163L,F,163,L,415,2
F163M,F,163,M,55,0
F163N,F,163,N,581,167
F163P,F,163,P,456,0
F163Q,F,163,Q,5264,1789
F163R,F,163,R,7282,1622
F163S,F,163,S,944,86
F163T,F,163,T,378,13
F163V,F,163,V,301,55
F163W,F,163,W,111,315
F163Y,F,163,Y,1458,3200
L164*,L,164,*,4308,1141
L164A,L,164,A,1335,2226
L164C,L,164,C,736,1568
L164D,L,164,D,322,297
L164E,L,164,E,895,1285
L164F,L,164,F,712,1033
L164G,L,164,G,3496,5861
L164H,L,164,H,425,345
L164I,L,164,I,739,1242
L164K,L,164,K,953,1333
L164L,L,164,L,1262,2372
L164M,L,164,M,305,367
L164N,L,164,N,1138,1149
L164P,L,164,P,733,17
L164Q,L,164,Q,666,795
L164R,L,164,R,1335,981
L164S,L,164,S,1027,1602
L164T,L,164,T,966,1066
L164V,L,164,V,1036,1637
L164W,L,164,W,119,255
L164Y,L,164,Y,686,742
W165*,W,165,*,2698,987
W165A,W,165,A,1036,2071
W165C,W,165,C,689,1375
W165D,W,165,D,1693,3266
W165E,W,165,E,2376,4901
W165F,W,165,F,1496,2451
W165G,W,165,G,4302,8016
W165H,W,165,H,328,838
W165I,W,165,I,2739,6025
W165K,W,165,K,672,243
W165L,W,165,L,3171,5772
W165M,W,165,M,444,1025
W165N,W,165,N,1322,2224
W165P,W,165,P,5717,7732
W165Q,W,165,Q,1264,2267
W165R,W,165,R,684,662
W165S,W,165,S,1118,1681
W165T,W,165,T,1350,3068
W165V,W,165,V,2708,5709
W165W,W,165,W,NA,NA
W165Y,W,165,Y,648,841
L166*,L,166,*,2301,666
L166A,L,166,A,615,396
L166C,L,166,C,251,255
L166D,L,166,D,4007,2049
L166E,L,166,E,1347,3470
L166F,L,166,F,733,1166
L166G,L,166,G,1796,2156
L166H,L,166,H,409,539
L166I,L,166,I,218,295
L166K,L,166,K,2871,1124
L166L,L,166,L,743,1426
L166M,L,166,M,108,24
L166N,L,166,N,202,123
L166P,L,166,P,593,734
L166Q,L,166,Q,685,864
L166R,L,166,R,7034,1681
L166S,L,166,S,619,533
L166T,L,166,T,616,452
L166V,L,166,V,401,296
L166W,L,166,W,1988,1898
L166Y,L,166,Y,1575,3867
A167*,A,167,*,4241,1226
A167A,A,167,A,229,202
A167C,A,167,C,321,243
A167D,A,167,D,817,1478
A167E,A,167,E,1449,2657
A167F,A,167,F,945,1892
A167G,A,167,G,1870,3166
A167H,A,167,H,79,123
A167I,A,167,I,383,260
A167K,A,167,K,4022,7970
A167L,A,167,L,289,53
A167M,A,167,M,85,0
A167N,A,167,N,260,486
A167P,A,167,P,751,261
A167Q,A,167,Q,215,108
A167R,A,167,R,1829,437
A167S,A,167,S,1056,1270
A167T,A,167,T,730,629
A167V,A,167,V,374,246
A167W,A,167,W,537,752
A167Y,A,167,Y,879,2259
R168*,R,168,*,3491,1674
R168A,R,168,A,1035,2101
R168C,R,168,C,632,727
R168D,R,168,D,218,141
R168E,R,168,E,1279,1924
R168F,R,168,F,1103,1488
R168G,R,168,G,3672,7552
R168H,R,168,H,183,140
R168I,R,168,I,638,925
R168K,R,168,K,636,1493
R168L,R,168,L,2043,3612
R168M,R,168,M,299,496
R168N,R,168,N,317,523
R168P,R,168,P,3796,7023
R168Q,R,168,Q,434,823
R168R,R,168,R,1032,1750
R168S,R,168,S,840,1991
R168T,R,168,T,433,557
R168V,R,168,V,2826,6066
R168W,R,168,W,156,92
R168Y,R,168,Y,155,195
K169*,K,169,*,3555,1183
K169A,K,169,A,530,961
K169C,K,169,C,894,1156
K169D,K,169,D,992,2092
K169E,K,169,E,975,1849
K169F,K,169,F,496,970
K169G,K,169,G,4420,7677
K169H,K,169,H,568,858
K169I,K,169,I,283,406
K169K,K,169,K,199,181
K169L,K,169,L,2106,4477
K169M,K,169,M,38,122
K169N,K,169,N,382,1028
K169P,K,169,P,16174,32412
K169Q,K,169,Q,699,935
K169R,K,169,R,4791,9316
K169S,K,169,S,2478,4466
K169T,K,169,T,724,1078
K169V,K,169,V,305,314
K169W,K,169,W,699,860
K169Y,K,169,Y,174,214
L170*,L,170,*,2650,641
L170A,L,170,A,782,1436
L170C,L,170,C,1448,2512
L170D,L,170,D,1862,2337
L170E,L,170,E,1037,1941
L170F,L,170,F,362,702
L170G,L,170,G,3024,5578
L170H,L,170,H,405,857
L170I,L,170,I,346,533
L170K,L,170,K,271,610
L170L,L,170,L,841,1745
L170M,L,170,M,116,315
L170N,L,170,N,241,372
L170P,L,170,P,8829,1941
L170Q,L,170,Q,679,1468
L170R,L,170,R,2201,3482
L170S,L,170,S,990,1643
L170T,L,170,T,1291,2014
L170V,L,170,V,794,1571
L170W,L,170,W,556,711
L170Y,L,170,Y,210,331
A171*,A,171,*,1784,786
A171A,A,171,A,747,1274
A171C,A,171,C,396,593
A171D,A,171,D,108,159
A171E,A,171,E,248,101
A171F,A,171,F,2222,4887
A171G,A,171,G,3313,5321
A171H,A,171,H,504,342
A171I,A,171,I,791,1302
A171K,A,171,K,445,692
A171L,A,171,L,1526,2943
A171M,A,171,M,77,72
A171N,A,171,N,441,587
A171P,A,171,P,4523,8783
A171Q,A,171,Q,275,148
A171R,A,171,R,492,600
A171S,A,171,S,1128,1571
A171T,A,171,T,1621,3133
A171V,A,171,V,1738,3070
A171W,A,171,W,107,120
A171Y,A,171,Y,559,1120
G172*,G,172,*,6238,2565
G172A,G,172,A,1215,1996
G172C,G,172,C,427,560
G172D,G,172,D,881,1675
G172E,G,172,E,714,923
G172F,G,172,F,740,940
G172G,G,172,G,890,1386
G172H,G,172,H,281,200
G172I,G,172,I,402,247
G172K,G,172,K,703,819
G172L,G,172,L,686,692
G172M,G,172,M,250,347
G172N,G,172,N,419,782
G172P,G,172,P,476,268
G172Q,G,172,Q,522,525
G172R,G,172,R,485,578
G172S,G,172,S,987,1072
G172T,G,172,T,350,482
G172V,G,172,V,776,1046
G172W,G,172,W,73,54
G172Y,G,172,Y,279,332
N173*,N,173,*,5535,1193
N173A,N,173,A,372,68
N173C,N,173,C,198,148
N173D,N,173,D,153,314
N173E,N,173,E,169,0
N173F,N,173,F,1247,1454
N173G,N,173,G,6445,10825
N173H,N,173,H,323,571
N173I,N,173,I,258,130
N173K,N,173,K,338,495
N173L,N,173,L,936,513
N173M,N,173,M,77,37
N173N,N,173,N,9,138
N173P,N,173,P,658,650
N173Q,N,173,Q,185,22
N173R,N,173,R,655,207
N173S,N,173,S,630,614
N173T,N,173,T,181,96
N173V,N,173,V,400,81
N173W,N,173,W,742,871
N173Y,N,173,Y,284,410
P174*,P,174,*,3096,1028
P174A,P,174,A,748,1302
P174C,P,174,C,631,947
P174D,P,174,D,611,661
P174E,P,174,E,915,1432
P174F,P,174,F,1080,1768
P174G,P,174,G,2175,3725
P174H,P,174,H,402,529
P174I,P,174,I,311,473
P174K,P,174,K,121,80
P174L,P,174,L,1183,1907
P174M,P,174,M,166,237
P174N,P,174,N,275,317
P174P,P,174,P,715,1130
P174Q,P,174,Q,317,373
P174R,P,174,R,644,372
P174S,P,174,S,1033,1176
P174T,P,174,T,911,875
P174V,P,174,V,1048,1481
P174W,P,174,W,698,1301
P174Y,P,174,Y,707,1391
Q175*,Q,175,*,2220,261
Q175A,Q,175,A,855,1586
Q175C,Q,175,C,335,530
Q175D,Q,175,D,639,739
Q175E,Q,175,E,498,620
Q175F,Q,175,F,766,324
Q175G,Q,175,G,1895,2960
Q175H,Q,175,H,343,488
Q175I,Q,175,I,746,1177
Q175K,Q,175,K,1049,1823
Q175L,Q,175,L,1868,3144
Q175M,Q,175,M,167,246
Q175N,Q,175,N,512,965
Q175P,Q,175,P,604,327
Q175Q,Q,175,Q,88,47
Q175R,Q,175,R,897,1297
Q175S,Q,175,S,999,1946
Q175T,Q,175,T,804,1026
Q175V,Q,175,V,2514,3900
Q175W,Q,175,W,147,32
Q175Y,Q,175,Y,229,118
L176*,L,176,*,2666,427
L176A,L,176,A,1134,1622
L176C,L,176,C,1084,1848
L176D,L,176,D,275,84
L176E,L,176,E,344,0
L176F,L,176,F,276,167
L176G,L,176,G,1339,302
L176H,L,176,H,120,0
L176I,L,176,I,816,1027
L176K,L,176,K,297,0
L176L,L,176,L,972,1078
L176M,L,176,M,372,521
L176N,L,176,N,292,0
L176P,L,176,P,316,0
L176Q,L,176,Q,82,0
L176R,L,176,R,489,0
L176S,L,176,S,339,0
L176T,L,176,T,711,882
L176V,L,176,V,1190,1553
L176W,L,176,W,15,0
L176Y,L,176,Y,102,24
E177*,E,177,*,2683,754
E177A,E,177,A,260,372
E177C,E,177,C,452,646
E177D,E,177,D,25,107
E177E,E,177,E,242,386
E177F,E,177,F,1254,1450
E177G,E,177,G,1326,1845
E177H,E,177,H,326,379
E177I,E,177,I,948,796
E177K,E,177,K,255,477
E177L,E,177,L,1157,1678
E177M,E,177,M,25,86
E177N,E,177,N,651,491
E177P,E,177,P,245,0
E177Q,E,177,Q,172,126
E177R,E,177,R,870,828
E177S,E,177,S,785,1186
E177T,E,177,T,905,1418
E177V,E,177,V,812,1097
E177W,E,177,W,303,0
E177Y,E,177,Y,371,391
F178*,F,178,*,3012,595
F178A,F,178,A,202,125
F178C,F,178,C,313,139
F178D,F,178,D,13,0
F178E,F,178,E,70,0
F178F,F,178,F,340,631
F178G,F,178,G,444,0
F178H,F,178,H,99,0
F178I,F,178,I,1575,2837
F178K,F,178,K,198,0
F178L,F,178,L,3923,8514
F178M,F,178,M,414,624
F178N,F,178,N,160,0
F178P,F,178,P,454,31
F178Q,F,178,Q,159,13
F178R,F,178,R,740,16
F178S,F,178,S,490,9
F178T,F,178,T,324,0
F178V,F,178,V,664,409
F178W,F,178,W,131,78
F178Y,F,178,Y,138,68
V179*,V,179,*,3394,481
V179A,V,179,A,286,388
V179C,V,179,C,425,225
V179D,V,179,D,319,449
V179E,V,179,E,331,459
V179F,V,179,F,172,18
V179G,V,179,G,188,63
V179H,V,179,H,215,175
V179I,V,179,I,433,527
V179K,V,179,K,947,1082
V179L,V,179,L,339,47
V179M,V,179,M,60,72
V179N,V,179,N,194,96
V179P,V,179,P,612,17
V179Q,V,179,Q,497,394
V179R,V,179,R,591,495
V179S,V,179,S,1725,2666
V179T,V,179,T,2196,4786
V179V,V,179,V,474,992
V179W,V,179,W,313,207
V179Y,V,179,Y,135,90
A180*,A,180,*,268,15
A180A,A,180,A,491,1003
A180C,A,180,C,1236,2440
A180D,A,180,D,252,281
A180E,A,180,E,616,1510
A180F,A,180,F,701,378
A180G,A,180,G,1039,1303
A180H,A,180,H,277,272
A180I,A,180,I,236,69
A180K,A,180,K,1716,3475
A180L,A,180,L,789,275
A180M,A,180,M,330,918
A180N,A,180,N,777,873
A180P,A,180,P,355,0
A180Q,A,180,Q,383,645
A180R,A,180,R,2170,3854
A180S,A,180,S,1969,3605
A180T,A,180,T,432,149
A180V,A,180,V,178,206
A180W,A,180,W,283,39
A180Y,A,180,Y,246,557
S181*,S,181,*,234,0
S181A,S,181,A,195,335
S181C,S,181,C,143,273
S181D,S,181,D,212,188
S181E,S,181,E,110,0
S181F,S,181,F,487,428
S181G,S,181,G,882,43
S181H,S,181,H,35,108
S181I,S,181,I,433,382
S181K,S,181,K,419,215
S181L,S,181,L,1494,2179
S181M,S,181,M,249,787
S181N,S,181,N,369,524
S181P,S,181,P,97,190
S181Q,S,181,Q,167,42
S181R,S,181,R,555,77
S181S,S,181,S,358,808
S181T,S,181,T,293,627
S181V,S,181,V,955,1491
S181W,S,181,W,183,84
S181Y,S,181,Y,31,0
P182*,P,182,*,404,4
P182A,P,182,A,302,227
P182C,P,182,C,91,0
P182D,P,182,D,28,0
P182E,P,182,E,201,1
P182F,P,182,F,177,34
P182G,P,182,G,267,14
P182H,P,182,H,74,0
P182I,P,182,I,195,164
P182K,P,182,K,168,0
P182L,P,182,L,440,402
P182M,P,182,M,55,57
P182N,P,182,N,222,0
P182P,P,182,P,545,890
P182Q,P,182,Q,66,29
P182R,P,182,R,229,6
P182S,P,182,S,303,20
P182T,P,182,T,142,48
P182V,P,182,V,485,542
P182W,P,182,W,152,16
P182Y,P,182,Y,89,27
A183*,A,183,*,180,0
A183A,A,183,A,143,280
A183C,A,183,C,78,38
A183D,A,183,D,420,850
A183E,A,183,E,61,0
A183F,A,183,F,144,0
A183G,A,183,G,825,549
A183H,A,183,H,36,0
A183I,A,183,I,146,0
A183K,A,183,K,321,0
A183L,A,183,L,309,0
A183M,A,183,M,34,0
A183N,A,183,N,108,0
A183P,A,183,P,119,0
A183Q,A,183,Q,82,0
A183R,A,183,R,146,0
A183S,A,183,S,185,183
A183T,A,183,T,65,0
A183V,A,183,V,253,0
A183W,A,183,W,65,0
A183Y,A,183,Y,79,0
L184*,L,184,*,125,0
L184A,L,184,A,118,0
L184C,L,184,C,129,0
L184D,L,184,D,117,0
L184E,L,184,E,279,2
L184F,L,184,F,126,0
L184G,L,184,G,528,18
L184H,L,184,H,60,0
L184I,L,184,I,198,28
L184K,L,184,K,214,0
L184L,L,184,L,617,1247
L184M,L,184,M,99,0
L184N,L,184,N,85,0
L184P,L,184,P,83,0
L184Q,L,184,Q,45,0
L184R,L,184,R,344,0
L184S,L,184,S,218,0
L184T,L,184,T,108,0
L184V,L,184,V,244,0
L184W,L,184,W,86,0
L184Y,L,184,Y,122,0
A185*,A,185,*,120,0
A185A,A,185,A,129,274
A185C,A,185,C,237,298
A185D,A,185,D,106,56
A185E,A,185,E,192,371
A185F,A,185,F,884,992
A185G,A,185,G,408,57
A185H,A,185,H,292,287
A185I,A,185,I,181,167
A185K,A,185,K,834,1517
A185L,A,185,L,1104,1833
A185M,A,185,M,72,109
A185N,A,185,N,62,4
A185P,A,185,P,265,32
A185Q,A,185,Q,440,340
A185R,A,185,R,597,810
A185S,A,185,S,202,37
A185T,A,185,T,120,22
A185V,A,185,V,341,599
A185W,A,185,W,102,0
A185Y,A,185,Y,128,54
P186*,P,186,*,138,0
P186A,P,186,A,377,232
P186C,P,186,C,152,52
P186D,P,186,D,65,0
P186E,P,186,E,190,0
P186F,P,186,F,471,0
P186G,P,186,G,505,0
P186H,P,186,H,19,0
P186I,P,186,I,111,0
P186K,P,186,K,79,0
P186L,P,186,L,326,0
P186M,P,186,M,13,0
P186N,P,186,N,86,0
P186P,P,186,P,368,665
P186Q,P,186,Q,68,0
P186R,P,186,R,179,0
P186S,P,186,S,162,32
P186T,P,186,T,169,0
P186V,P,186,V,295,1
P186W,P,186,W,160,32
P186Y,P,186,Y,127,0
P187*,P,187,*,229,0
P187A,P,187,A,155,65
P187C,P,187,C,181,30
P187D,P,187,D,125,0
P187E,P,187,E,33,6
P187F,P,187,F,226,0
P187G,P,187,G,579,29
P187H,P,187,H,133,0
P187I,P,187,I,151,7
P187K,P,187,K,320,0
P187L,P,187,L,144,0
P187M,P,187,M,54,0
P187N,P,187,N,158,10
P187P,P,187,P,303,425
P187Q,P,187,Q,36,0
P187R,P,187,R,160,20
P187S,P,187,S,284,49
P187T,P,187,T,198,39
P187V,P,187,V,170,15
P187W,P,187,W,136,13
P187Y,P,187,Y,82,0
E188*,E,188,*,78,0
E188A,E,188,A,205,64
E188C,E,188,C,193,40
E188D,E,188,D,94,132
E188E,E,188,E,206,407
E188F,E,188,F,317,0
E188G,E,188,G,652,149
E188H,E,188,H,67,0
E188I,E,188,I,191,0
E188K,E,188,K,184,14
E188L,E,188,L,365,144
E188M,E,188,M,71,0
E188N,E,188,N,111,36
E188P,E,188,P,271,0
E188Q,E,188,Q,144,26
E188R,E,188,R,551,23
E188S,E,188,S,338,153
E188T,E,188,T,346,281
E188V,E,188,V,288,69
E188W,E,188,W,427,97
E188Y,E,188,Y,43,0
V189*,V,189,*,92,0
V189A,V,189,A,296,641
V189C,V,189,C,543,975
V189D,V,189,D,39,15
V189E,V,189,E,111,217
V189F,V,189,F,547,354
V189G,V,189,G,621,228
V189H,V,189,H,0,0
V189I,V,189,I,217,389
V189K,V,189,K,177,53
V189L,V,189,L,351,257
V189M,V,189,M,24,29
V189N,V,189,N,138,50
V189P,V,189,P,197,0
V189Q,V,189,Q,56,8
V189R,V,189,R,943,710
V189S,V,189,S,561,647
V189T,V,189,T,1097,1985
V189V,V,189,V,422,785
V189W,V,189,W,114,0
V189Y,V,189,Y,77,4
Q190*,Q,190,*,0,0
Q190A,Q,190,A,929,1647
Q190C,Q,190,C,264,557
Q190D,Q,190,D,203,168
Q190E,Q,190,E,316,447
Q190F,Q,190,F,562,865
Q190G,Q,190,G,1030,1010
Q190H,Q,190,H,42,62
Q190I,Q,190,I,181,319
Q190K,Q,190,K,245,266
Q190L,Q,190,L,341,246
Q190M,Q,190,M,277,172
Q190N,Q,190,N,94,129
Q190P,Q,190,P,605,1106
Q190Q,Q,190,Q,105,248
Q190R,Q,190,R,938,850
Q190S,Q,190,S,1040,2116
Q190T,Q,190,T,1071,2249
Q190V,Q,190,V,715,949
Q190W,Q,190,W,176,130
Q190Y,Q,190,Y,128,126
V191*,V,191,*,62,0
V191A,V,191,A,203,20
V191C,V,191,C,117,95
V191D,V,191,D,117,14
V191E,V,191,E,303,187
V191F,V,191,F,81,39
V191G,V,191,G,872,32
V191H,V,191,H,90,12
V191I,V,191,I,745,1521
V191K,V,191,K,731,108
V191L,V,191,L,912,1027
V191M,V,191,M,112,81
V191N,V,191,N,72,12
V191P,V,191,P,112,0
V191Q,V,191,Q,325,54
V191R,V,191,R,475,29
V191S,V,191,S,171,33
V191T,V,191,T,225,161
V191V,V,191,V,985,1399
V191W,V,191,W,129,0
V191Y,V,191,Y,72,51
D192*,D,192,*,196,0
D192A,D,192,A,88,0
D192C,D,192,C,211,244
D192D,D,192,D,212,299
D192E,D,192,E,472,114
D192F,D,192,F,260,30
D192G,D,192,G,490,60
D192H,D,192,H,149,126
D192I,D,192,I,215,9
D192K,D,192,K,618,29
D192L,D,192,L,443,76
D192M,D,192,M,98,15
D192N,D,192,N,351,252
D192P,D,192,P,62,9
D192Q,D,192,Q,204,114
D192R,D,192,R,557,8
D192S,D,192,S,230,131
D192T,D,192,T,168,0
D192V,D,192,V,378,73
D192W,D,192,W,258,0
D192Y,D,192,Y,60,0
E193*,E,193,*,62,0
E193A,E,193,A,103,205
E193C,E,193,C,508,525
E193D,E,193,D,63,16
E193E,E,193,E,39,93
E193F,E,193,F,1452,1928
E193G,E,193,G,811,636
E193H,E,193,H,157,175
E193I,E,193,I,428,428
E193K,E,193,K,367,398
E193L,E,193,L,1618,3277
E193M,E,193,M,191,420
E193N,E,193,N,184,72
E193P,E,193,P,833,291
E193Q,E,193,Q,86,70
E193R,E,193,R,1500,834
E193S,E,193,S,928,1075
E193T,E,193,T,1587,2188
E193V,E,193,V,321,571
E193W,E,193,W,780,1002
E193Y,E,193,Y,252,194
Q194*,Q,194,*,141,0
Q194A,Q,194,A,1728,2509
Q194C,Q,194,C,441,282
Q194D,Q,194,D,451,690
Q194E,Q,194,E,546,1035
Q194F,Q,194,F,783,748
Q194G,Q,194,G,2844,2992
Q194H,Q,194,H,264,272
Q194I,Q,194,I,517,408
Q194K,Q,194,K,547,964
Q194L,Q,194,L,711,1051
Q194M,Q,194,M,181,239
Q194N,Q,194,N,434,566
Q194P,Q,194,P,364,474
Q194Q,Q,194,Q,37,122
Q194R,Q,194,R,988,1379
Q194S,Q,194,S,1200,1438
Q194T,Q,194,T,993,1221
Q194V,Q,194,V,1137,1710
Q194W,Q,194,W,143,199
Q194Y,Q,194,Y,178,248
L195*,L,195,*,102,0
L195A,L,195,A,283,139
L195C,L,195,C,95,31
L195D,L,195,D,136,42
L195E,L,195,E,151,11
L195F,L,195,F,401,7
L195G,L,195,G,394,23
L195H,L,195,H,267,83
L195I,L,195,I,277,120
L195K,L,195,K,784,578
L195L,L,195,L,1105,1693
L195M,L,195,M,22,79
L195N,L,195,N,424,154
L195P,L,195,P,482,0
L195Q,L,195,Q,296,133
L195R,L,195,R,351,520
L195S,L,195,S,288,218
L195T,L,195,T,449,106
L195V,L,195,V,484,199
L195W,L,195,W,32,0
L195Y,L,195,Y,128,33
M196*,M,196,*,136,0
M196A,M,196,A,385,180
M196C,M,196,C,380,304
M196D,M,196,D,161,20
M196E,M,196,E,269,21
M196F,M,196,F,283,64
M196G,M,196,G,761,18
M196H,M,196,H,120,60
M196I,M,196,I,382,467
M196K,M,196,K,182,0
M196L,M,196,L,510,347
M196M,M,196,M,NA,NA
M196N,M,196,N,54,0
M196P,M,196,P,467,13
M196Q,M,196,Q,316,183
M196R,M,196,R,258,0
M196S,M,196,S,293,50
M196T,M,196,T,148,70
M196V,M,196,V,449,251
M196W,M,196,W,74,0
M196Y,M,196,Y,237,96
Q197*,Q,197,*,135,0
Q197A,Q,197,A,719,1292
Q197C,Q,197,C,561,620
Q197D,Q,197,D,209,259
Q197E,Q,197,E,165,170
Q197F,Q,197,F,1322,1609
Q197G,Q,197,G,2251,1874
Q197H,Q,197,H,179,127
Q197I,Q,197,I,391,844
Q197K,Q,197,K,454,638
Q197L,Q,197,L,1416,2332
Q197M,Q,197,M,150,332
Q197N,Q,197,N,395,549
Q197P,Q,197,P,214,36
Q197Q,Q,197,Q,54,120
Q197R,Q,197,R,983,1751
Q197S,Q,197,S,1180,2125
Q197T,Q,197,T,580,887
Q197V,Q,197,V,779,845
Q197W,Q,197,W,490,445
Q197Y,Q,197,Y,199,310
Q198*,Q,198,*,117,0
Q198A,Q,198,A,812,812
Q198C,Q,198,C,186,327
Q198D,Q,198,D,125,46
Q198E,Q,198,E,274,653
Q198F,Q,198,F,458,428
Q198G,Q,198,G,1060,786
Q198H,Q,198,H,190,301
Q198I,Q,198,I,363,390
Q198K,Q,198,K,415,531
Q198L,Q,198,L,816,878
Q198M,Q,198,M,81,71
Q198N,Q,198,N,242,279
Q198P,Q,198,P,350,0
Q198Q,Q,198,Q,104,295
Q198R,Q,198,R,1294,1421
Q198S,Q,198,S,796,990
Q198T,Q,198,T,817,782
Q198V,Q,198,V,936,1252
Q198W,Q,198,W,205,237
Q198Y,Q,198,Y,61,149
Y199*,Y,199,*,103,0
Y199A,Y,199,A,565,398
Y199C,Y,199,C,172,18
Y199D,Y,199,D,55,0
Y199E,Y,199,E,133,52
Y199F,Y,199,F,659,272
Y199G,Y,199,G,1474,514
Y199H,Y,199,H,217,288
Y199I,Y,199,I,365,67
Y199K,Y,199,K,163,43
Y199L,Y,199,L,391,0
Y199M,Y,199,M,16,0
Y199N,Y,199,N,299,258
Y199P,Y,199,P,321,0
Y199Q,Y,199,Q,157,49
Y199R,Y,199,R,845,364
Y199S,Y,199,S,564,504
Y199T,Y,199,T,516,310
Y199V,Y,199,V,538,482
Y199W,Y,199,W,929,1813
Y199Y,Y,199,Y,34,63
Q200*,Q,200,*,116,0
Q200A,Q,200,A,1257,2148
Q200C,Q,200,C,509,570
Q200D,Q,200,D,452,680
Q200E,Q,200,E,785,1645
Q200F,Q,200,F,286,148
Q200G,Q,200,G,1085,890
Q200H,Q,200,H,275,304
Q200I,Q,200,I,226,324
Q200K,Q,200,K,299,325
Q200L,Q,200,L,434,301
Q200M,Q,200,M,93,86
Q200N,Q,200,N,325,252
Q200P,Q,200,P,388,24
Q200Q,Q,200,Q,187,217
Q200R,Q,200,R,1497,1774
Q200S,Q,200,S,1637,1981
Q200T,Q,200,T,1954,2201
Q200V,Q,200,V,489,480
Q200W,Q,200,W,200,76
Q200Y,Q,200,Y,125,28
Q201*,Q,201,*,66,0
Q201A,Q,201,A,761,799
Q201C,Q,201,C,300,420
Q201D,Q,201,D,51,86
Q201E,Q,201,E,633,910
Q201F,Q,201,F,1130,1139
Q201G,Q,201,G,3445,3165
Q201H,Q,201,H,181,184
Q201I,Q,201,I,576,1112
Q201K,Q,201,K,1176,2036
Q201L,Q,201,L,1475,1835
Q201M,Q,201,M,49,49
Q201N,Q,201,N,95,174
Q201P,Q,201,P,695,31
Q201Q,Q,201,Q,162,373
Q201R,Q,201,R,1819,2913
Q201S,Q,201,S,716,986
Q201T,Q,201,T,1358,1929
Q201V,Q,201,V,557,1129
Q201W,Q,201,W,69,0
Q201Y,Q,201,Y,200,264
E202*,E,202,*,138,0
E202A,E,202,A,469,156
E202C,E,202,C,305,73
E202D,E,202,D,178,213
E202E,E,202,E,136,195
E202F,E,202,F,535,7
E202G,E,202,G,766,191
E202H,E,202,H,134,0
E202I,E,202,I,233,0
E202K,E,202,K,238,23
E202L,E,202,L,503,95
E202M,E,202,M,61,0
E202N,E,202,N,167,0
E202P,E,202,P,475,28
E202Q,E,202,Q,142,93
E202R,E,202,R,1409,573
E202S,E,202,S,595,290
E202T,E,202,T,388,40
E202V,E,202,V,271,1
E202W,E,202,W,397,97
E202Y,E,202,Y,73,6
M203*,M,203,*,298,0
M203A,M,203,A,183,61
M203C,M,203,C,503,272
M203D,M,203,D,32,0
M203E,M,203,E,454,330
M203F,M,203,F,1397,2094
M203G,M,203,G,349,72
M203H,M,203,H,445,255
M203I,M,203,I,242,508
M203K,M,203,K,391,36
M203L,M,203,L,1384,2292
M203M,M,203,M,NA,NA
M203N,M,203,N,126,0
M203P,M,203,P,704,0
M203Q,M,203,Q,884,1160
M203R,M,203,R,582,168
M203S,M,203,S,759,346
M203T,M,203,T,328,230
M203V,M,203,V,127,19
M203W,M,203,W,209,260
M203Y,M,203,Y,615,378
E204*,E,204,*,82,0
E204A,E,204,A,386,465
E204C,E,204,C,466,395
E204D,E,204,D,233,280
E204E,E,204,E,134,244
E204F,E,204,F,670,804
E204G,E,204,G,939,527
E204H,E,204,H,276,239
E204I,E,204,I,681,868
E204K,E,204,K,674,902
E204L,E,204,L,630,569
E204M,E,204,M,167,291
E204N,E,204,N,315,239
E204P,E,204,P,535,127
E204Q,E,204,Q,272,276
E204R,E,204,R,2130,2517
E204S,E,204,S,945,1173
E204T,E,204,T,924,794
E204V,E,204,V,461,481
E204W,E,204,W,167,40
E204Y,E,204,Y,154,189
Q205*,Q,205,*,183,0
Q205A,Q,205,A,1296,2701
Q205C,Q,205,C,483,561
Q205D,Q,205,D,230,397
Q205E,Q,205,E,1114,1843
Q205F,Q,205,F,717,669
Q205G,Q,205,G,1277,954
Q205H,Q,205,H,450,494
Q205I,Q,205,I,535,604
Q205K,Q,205,K,287,150
Q205L,Q,205,L,1226,1494
Q205M,Q,205,M,331,411
Q205N,Q,205,N,473,462
Q205P,Q,205,P,282,30
Q205Q,Q,205,Q,341,504
Q205R,Q,205,R,378,31
Q205S,Q,205,S,1428,1788
Q205T,Q,205,T,842,1197
Q205V,Q,205,V,1359,1343
Q205W,Q,205,W,288,371
Q205Y,Q,205,Y,222,138
A206*,A,206,*,153,0
A206A,A,206,A,680,911
A206C,A,206,C,247,114
A206D,A,206,D,66,0
A206E,A,206,E,132,0
A206F,A,206,F,241,0
A206G,A,206,G,518,290
A206H,A,206,H,269,0
A206I,A,206,I,233,8
A206K,A,206,K,343,0
A206L,A,206,L,780,31
A206M,A,206,M,143,0
A206N,A,206,N,149,0
A206P,A,206,P,303,0
A206Q,A,206,Q,133,0
A206R,A,206,R,893,91
A206S,A,206,S,376,57
A206T,A,206,T,205,0
A206V,A,206,V,334,48
A206W,A,206,W,130,0
A206Y,A,206,Y,115,0
T207*,T,207,*,441,0
T207A,T,207,A,948,1992
T207C,T,207,C,252,180
T207D,T,207,D,90,10
T207E,T,207,E,4010,8328
T207F,T,207,F,946,946
T207G,T,207,G,2744,4499
T207H,T,207,H,189,153
T207I,T,207,I,236,303
T207K,T,207,K,1561,3262
T207L,T,207,L,2298,2674
T207M,T,207,M,250,564
T207N,T,207,N,651,1160
T207P,T,207,P,201,44
T207Q,T,207,Q,2995,5763
T207R,T,207,R,614,532
T207S,T,207,S,2185,4323
T207T,T,207,T,397,671
T207V,T,207,V,931,751
T207W,T,207,W,387,216
T207Y,T,207,Y,304,316
A208*,A,208,*,480,115
A208A,A,208,A,768,1301
A208C,A,208,C,516,609
A208D,A,208,D,238,440
A208E,A,208,E,1268,1784
A208F,A,208,F,395,572
A208G,A,208,G,1080,1414
A208H,A,208,H,715,1008
A208I,A,208,I,481,911
A208K,A,208,K,920,1133
A208L,A,208,L,2295,3265
A208M,A,208,M,233,317
A208N,A,208,N,650,648
A208P,A,208,P,169,0
A208Q,A,208,Q,533,699
A208R,A,208,R,1230,2033
A208S,A,208,S,1428,2281
A208T,A,208,T,664,836
A208V,A,208,V,1122,1294
A208W,A,208,W,368,474
A208Y,A,208,Y,226,363
L209*,L,209,*,133,0
L209A,L,209,A,1312,1890
L209C,L,209,C,749,792
L209D,L,209,D,129,9
L209E,L,209,E,796,1478
L209F,L,209,F,666,873
L209G,L,209,G,779,0
L209H,L,209,H,629,1171
L209I,L,209,I,401,221
L209K,L,209,K,1478,2511
L209L,L,209,L,1159,2108
L209M,L,209,M,66,249
L209N,L,209,N,1005,1431
L209P,L,209,P,584,0
L209Q,L,209,Q,487,850
L209R,L,209,R,2269,3406
L209S,L,209,S,623,109
L209T,L,209,T,1005,1118
L209V,L,209,V,430,171
L209W,L,209,W,132,294
L209Y,L,209,Y,282,386
P210*,P,210,*,71,0
P210A,P,210,A,671,1212
P210C,P,210,C,504,683
P210D,P,210,D,98,0
P210E,P,210,E,321,297
P210F,P,210,F,520,30
P210G,P,210,G,1798,791
P210H,P,210,H,64,45
P210I,P,210,I,218,45
P210K,P,210,K,94,19
P210L,P,210,L,447,120
P210M,P,210,M,50,0
P210N,P,210,N,99,51
P210P,P,210,P,1696,2279
P210Q,P,210,Q,25,62
P210R,P,210,R,612,70
P210S,P,210,S,896,731
P210T,P,210,T,314,27
P210V,P,210,V,841,452
P210W,P,210,W,131,80
P210Y,P,210,Y,47,0
L211*,L,211,*,83,0
L211A,L,211,A,218,0
L211C,L,211,C,136,20
L211D,L,211,D,87,0
L211E,L,211,E,146,0
L211F,L,211,F,297,0
L211G,L,211,G,692,0
L211H,L,211,H,203,0
L211I,L,211,I,813,1118
L211K,L,211,K,442,0
L211L,L,211,L,872,1141
L211M,L,211,M,15,10
L211N,L,211,N,329,0
L211P,L,211,P,376,0
L211Q,L,211,Q,97,0
L211R,L,211,R,286,0
L211S,L,211,S,463,0
L211T,L,211,T,499,38
L211V,L,211,V,311,295
L211W,L,211,W,97,0
L211Y,L,211,Y,35,14
P212*,P,212,*,148,19
P212A,P,212,A,353,317
P212C,P,212,C,198,163
P212D,P,212,D,198,189
P212E,P,212,E,271,328
P212F,P,212,F,558,145
P212G,P,212,G,615,119
P212H,P,212,H,117,58
P212I,P,212,I,452,256
P212K,P,212,K,396,63
P212L,P,212,L,739,513
P212M,P,212,M,145,62
P212N,P,212,N,521,281
P212P,P,212,P,677,957
P212Q,P,212,Q,50,33
P212R,P,212,R,680,109
P212S,P,212,S,1885,3057
P212T,P,212,T,774,768
P212V,P,212,V,506,301
P212W,P,212,W,155,0
P212Y,P,212,Y,205,138
D213*,D,213,*,210,0
D213A,D,213,A,740,1085
D213C,D,213,C,797,875
D213D,D,213,D,273,565
D213E,D,213,E,575,929
D213F,D,213,F,1110,1161
D213G,D,213,G,2399,3356
D213H,D,213,H,268,427
D213I,D,213,I,395,516
D213K,D,213,K,268,284
D213L,D,213,L,2103,2899
D213M,D,213,M,130,102
D213N,D,213,N,253,284
D213P,D,213,P,1086,1868
D213Q,D,213,Q,203,446
D213R,D,213,R,928,1155
D213S,D,213,S,1150,1465
D213T,D,213,T,610,662
D213V,D,213,V,777,1470
D213W,D,213,W,502,197
D213Y,D,213,Y,241,176
E214*,E,214,*,199,31
E214A,E,214,A,465,795
E214C,E,214,C,731,574
E214D,E,214,D,132,253
E214E,E,214,E,70,249
E214F,E,214,F,790,1014
E214G,E,214,G,1360,2040
E214H,E,214,H,67,81
E214I,E,214,I,461,448
E214K,E,214,K,285,245
E214L,E,214,L,1619,1657
E214M,E,214,M,180,136
E214N,E,214,N,210,251
E214P,E,214,P,1124,1465
E214Q,E,214,Q,363,393
E214R,E,214,R,1437,969
E214S,E,214,S,2014,3203
E214T,E,214,T,870,1239
E214V,E,214,V,704,753
E214W,E,214,W,539,472
E214Y,E,214,Y,140,280
D215*,D,215,*,291,68
D215A,D,215,A,490,776
D215C,D,215,C,460,669
D215D,D,215,D,52,155
D215E,D,215,E,452,1159
D215F,D,215,F,585,283
D215G,D,215,G,1853,2963
D215H,D,215,H,41,38
D215I,D,215,I,660,726
D215K,D,215,K,608,726
D215L,D,215,L,1212,1108
D215M,D,215,M,96,146
D215N,D,215,N,227,358
D215P,D,215,P,445,652
D215Q,D,215,Q,244,276
D215R,D,215,R,1137,912
D215S,D,215,S,1265,2551
D215T,D,215,T,1026,1117
D215V,D,215,V,786,611
D215W,D,215,W,325,54
D215Y,D,215,Y,116,53
D216*,D,216,*,1497,2499
D216A,D,216,A,704,950
D216C,D,216,C,247,572
D216D,D,216,D,260,652
D216E,D,216,E,1825,3480
D216F,D,216,F,633,633
D216G,D,216,G,1930,3405
D216H,D,216,H,352,759
D216I,D,216,I,745,816
D216K,D,216,K,2881,4306
D216L,D,216,L,1624,2891
D216M,D,216,M,283,260
D216N,D,216,N,600,763
D216P,D,216,P,1335,1917
D216Q,D,216,Q,657,1678
D216R,D,216,R,1692,2056
D216S,D,216,S,1723,3278
D216T,D,216,T,849,1608
D216V,D,216,V,1315,1461
D216W,D,216,W,437,772
D216Y,D,216,Y,185,348
A217*,A,217,*,489,544
A217A,A,217,A,397,558
A217C,A,217,C,511,722
A217D,A,217,D,595,1207
A217E,A,217,E,450,995
A217F,A,217,F,1496,1901
A217G,A,217,G,1982,3638
A217H,A,217,H,573,1025
A217I,A,217,I,244,185
A217K,A,217,K,1080,2084
A217L,A,217,L,2011,3003
A217M,A,217,M,22,56
A217N,A,217,N,1339,3465
A217P,A,217,P,3254,7006
A217Q,A,217,Q,372,794
A217R,A,217,R,1827,2215
A217S,A,217,S,1833,2700
A217T,A,217,T,919,1341
A217V,A,217,V,484,756
A217W,A,217,W,265,149
A217Y,A,217,Y,279,178
D218*,D,218,*,429,896
D218A,D,218,A,1583,2878
D218C,D,218,C,1684,3388
D218D,D,218,D,15,0
D218E,D,218,E,665,1026
D218F,D,218,F,3158,7864
D218G,D,218,G,3457,5480
D218H,D,218,H,696,1195
D218I,D,218,I,1639,2880
D218K,D,218,K,2273,3798
D218L,D,218,L,3423,6538
D218M,D,218,M,140,209
D218N,D,218,N,788,1683
D218P,D,218,P,2612,6075
D218Q,D,218,Q,619,1330
D218R,D,218,R,3013,5136
D218S,D,218,S,2411,6054
D218T,D,218,T,1959,2981
D218V,D,218,V,1569,2477
D218W,D,218,W,885,1559
D218Y,D,218,Y,796,1942
L219*,L,219,*,1532,3382
L219A,L,219,A,615,1070
L219C,L,219,C,531,675
L219D,L,219,D,535,813
L219E,L,219,E,927,1647
L219F,L,219,F,1727,4239
L219G,L,219,G,9163,21615
L219H,L,219,H,369,552
L219I,L,219,I,810,1236
L219K,L,219,K,600,564
L219L,L,219,L,1280,1982
L219M,L,219,M,78,75
L219N,L,219,N,913,1347
L219P,L,219,P,6135,11870
L219Q,L,219,Q,356,461
L219R,L,219,R,725,1055
L219S,L,219,S,1897,2728
L219T,L,219,T,1816,3639
L219V,L,219,V,1292,1813
L219W,L,219,W,291,372
L219Y,L,219,Y,312,321
*220*,*,220,*,75,154
*220A,*,220,A,137,0
*220C,*,220,C,120,0
*220D,*,220,D,93,0
*220E,*,220,E,119,0
*220F,*,220,F,325,0
*220G,*,220,G,840,17
*220H,*,220,H,18,0
*220I,*,220,I,266,0
*220K,*,220,K,339,0
*220L,*,220,L,417,0
*220M,*,220,M,157,0
*220N,*,220,N,114,0
*220P,*,220,P,187,0
*220Q,*,220,Q,31,0
*220R,*,220,R,634,13
*220S,*,220,S,361,7
*220T,*,220,T,494,0
*220V,*,220,V,365,0
*220W,*,220,W,63,0
*220Y,*,220,Y,12,0