aa_from,position,aa_to,score
T,2,D,-0.21335864201961033
T,2,E,0.08841189761598492
T,2,K,-0.08262839199602696
T,2,H,-0.00497547065750094
T,2,R,-0.11558019616246026
T,2,G,0.03386760853278434
T,2,N,0.06816611574020204
T,2,Q,-0.052962003339930404
T,2,A,-0.0346901277622596
T,2,S,0.06213039621181226
T,2,T,0.0014253695941343954
T,2,P,-0.05280212295040368
T,2,C,-0.016045526030280692
T,2,V,-0.063846174728322
T,2,Y,-0.23261977832441397
T,2,M,0.039616769675636196
T,2,I,-0.00780671569003566
T,2,L,-0.06092517776681792
T,2,F,-0.06393120942957929
T,2,W,-0.03239832603762455
T,2,*,-0.05575419024245523
E,3,D,-0.06516377632080847
E,3,E,-0.04868927851749436
E,3,K,-0.1455532250805929
E,3,H,-0.06866745135880764
E,3,R,-0.005146700754571309
E,3,G,-0.007973454268020666
E,3,N,-0.09032394111346989
E,3,Q,-0.12521788354074265
E,3,A,0.04170634948364821
E,3,S,-0.013168388615275362
E,3,T,0.06907007421410487
E,3,P,-0.010330275609108687
E,3,C,-0.012451392845790431
E,3,V,-0.051491190965037924
E,3,Y,-0.008919870512780259
E,3,M,-0.10037939009608188
E,3,I,-0.06146877619527438
E,3,L,-0.04566920461384595
E,3,F,0.03413201482430167
E,3,W,0.03863614975015555
E,3,*,0.03249811455282803
Y,4,D,0.10687576470544044
Y,4,E,-0.01142667609861232
Y,4,K,0.1357823240706011
Y,4,H,-0.005995576004755828
Y,4,R,0.15771069117359016
Y,4,G,0.013833020008528141
Y,4,N,-0.024978338073039754
Y,4,Q,0.025304898802396055
Y,4,A,0.04575244243293811
Y,4,S,0.07431177191575705
Y,4,T,0.11072633654950421
Y,4,P,0.31454823767426704
Y,4,C,-0.050364490726256254
Y,4,V,-0.0020428769480719013
Y,4,Y,0.08455962633296538
Y,4,M,-0.13798573044311677
Y,4,I,0.0716051893051221
Y,4,L,-0.01963661489553173
Y,4,F,-0.10506559269923432
Y,4,W,0.21652212305226615
Y,4,*,0.07302215664386233
K,5,D,-0.009372267767557896
K,5,E,0.02302283307537198
K,5,K,0.01036076799914975
K,5,H,0.018226624060104682
K,5,R,-0.07083948531062957
K,5,G,-0.00664194009420488
K,5,N,0.015871231926556012
K,5,Q,-0.046437319312458675
K,5,A,-0.04078248555319744
K,5,S,-0.01700340331160104
K,5,T,-0.06264454156212863
K,5,P,0.06264581944439886
K,5,C,0.05489345995736417
K,5,V,-0.12826543711354954
K,5,Y,0.006429599005799737
K,5,M,0.03181289752878708
K,5,I,-0.08984781689303303
K,5,L,-0.11316522088703536
K,5,F,-0.0300592031811057
K,5,W,-0.021729289992233933
K,5,*,-0.03761115289988019
L,6,D,-0.06100527444920289
L,6,E,-0.2037389696170206
L,6,K,-0.13245761860063315
L,6,H,-0.051026951411125954
L,6,R,0.01265909323525121
L,6,G,-0.22623251860046337
L,6,N,-0.3231033078173852
L,6,Q,0.07112643055468434
L,6,A,-0.004162591951033155
L,6,S,-0.13582196914829636
L,6,T,-0.011159001658639558
L,6,P,0.10394019473274049
L,6,C,0.005822390943693995
L,6,V,0.0028300237534933104
L,6,Y,-0.026601960246242312
L,6,M,-0.04722674336374623
L,6,I,0.05730345153529785
L,6,L,-0.02403527831045068
L,6,F,0.09717661153812647
L,6,W,0.00857144693634856
L,6,*,-0.39935991608189936
V,7,D,0.009339616568847083
V,7,E,0.09221185079219726
V,7,K,-0.02059221276926604
V,7,H,-0.04770377539483111
V,7,R,0.00972479669675146
V,7,G,0.0865891826892953
V,7,N,0.06879793038147734
V,7,Q,-0.00933922163118541
V,7,A,-0.0482087005175946
V,7,S,0.01749636682045436
V,7,T,-0.01922061217722822
V,7,P,-0.0017517248976445382
V,7,C,0.05359630423191663
V,7,V,0.013252059985739674
V,7,Y,0.09417235650787027
V,7,M,0.034732874883758834
V,7,I,-0.18758406973858666
V,7,L,0.009277134077986644
V,7,F,-0.040030769194587854
V,7,W,-0.08226171997734613
V,7,*,-0.20042926971997754
V,8,D,-0.04480120042137528
V,8,E,0.04194381407884569
V,8,K,0.4676351527047954
V,8,H,0.13868703714691538
V,8,R,-0.12482927887567812
V,8,G,0.06422643289329279
V,8,N,0.06386991581240048
V,8,Q,0.21431912898001723
V,8,A,0.0474144647798187
V,8,S,0.1627429710697451
V,8,T,0.1747266878512664
V,8,P,-0.019781794855526447
V,8,C,0.071696252019787507
V,8,V,0.00973105952502766
V,8,Y,0.2431635008429927
V,8,M,0.12026114800363874
V,8,I,0.1156338618517389
V,8,L,0.023497396975721063
V,8,F,0.16907977308143607
V,8,W,0.028776274976245075
V,8,*,0.07750028549006051
V,9,D,-0.06812068142008337
V,9,E,0.02373165377072698
V,9,K,-0.2030413847919736
V,9,H,0.012583912275882979
V,9,R,-0.02736862862441073
V,9,G,-0.02601085850647226
V,9,N,-0.004116588089254469
V,9,Q,-0.09256164764314556
V,9,A,0.06814951834540224
V,9,S,-0.022286365083888992
V,9,T,-0.11392780876822978
V,9,P,-0.016157595569783252
V,9,C,-0.040063150957468985
V,9,V,-0.006746653852523814
V,9,Y,-0.21062423766589006
V,9,M,-0.03389731320985773
V,9,I,0.09954504754968341
V,9,L,-0.09304158816000807
V,9,F,-0.04812105497977346
V,9,W,-0.054684149939436495
V,9,*,-0.046058107483073506
G,10,D,-0.013121452512484744
G,10,E,-0.13218140626612293
G,10,K,0.026249200083356475
G,10,H,-0.13887557511403312
G,10,R,-0.011320372651869227
G,10,G,0.10524801363043032
G,10,N,-0.023733290174974983
G,10,Q,-0.2583802064737055
G,10,A,0.18546926494644903
G,10,S,0.033342429861582756
G,10,T,-0.08387375785727741
G,10,P,-0.016131962528488943
G,10,C,0.0036122211650186807
G,10,V,0.028124631140024024
G,10,Y,-0.016252650280325995
G,10,M,-0.16052200688846074
G,10,I,-0.024940542047542605
G,10,L,0.00805173085179767
G,10,F,-0.022051684917714268
G,10,W,-0.14109199275447695
G,10,*,-0.027446396328103962
A,11,D,-0.05409554975122891
A,11,E,-0.2869598692202093
A,11,K,-0.1035862126543092
A,11,H,-0.05881772165284395
A,11,R,-0.016865016769473624
A,11,G,-0.02772748668103973
A,11,N,-0.06839504734408777
A,11,Q,-0.16660145928021913
A,11,A,0.08791336108656422
A,11,S,0.008048320025050508
A,11,T,0.01274594343531557
A,11,P,0.024847519118398474
A,11,C,-0.07631126956802942
A,11,V,-0.015317732760841904
A,11,Y,-6.574539379045298e-4
A,11,M,-0.045828708237127855
A,11,I,0.04284960567393948
A,11,L,0.004086867508229397
A,11,F,-0.1143112483740783
A,11,W,-0.0923579250036335
A,11,*,-0.08576689429686929
G,12,D,0.46480518596997394
G,12,E,0.4503212008842057
G,12,K,0.5287303282525432
G,12,H,0.4710122779039474
G,12,R,0.5070446665363372
G,12,G,0.04451998189903834
G,12,N,0.41833887836538
G,12,Q,0.5347869710840174
G,12,A,0.2784126819057659
G,12,S,0.2765472934411925
G,12,T,0.4959876776971163
G,12,P,0.025466070480289735
G,12,C,0.4800464892560312
G,12,V,0.30348682540532096
G,12,Y,0.5163492624724532
G,12,M,0.4148161806806665
G,12,I,0.5628488276494845
G,12,L,0.5765832995951486
G,12,F,0.5299081539830857
G,12,W,0.5675416710384865
G,12,*,-0.22282870293616083
G,13,D,0.3109853284881021
G,13,E,0.42165498163627535
G,13,K,0.3690948278795769
G,13,H,0.36980964140307293
G,13,R,0.3794642242988805
G,13,G,0.053715005910965744
G,13,N,0.39729825467601076
G,13,Q,0.4172757780659888
G,13,A,0.08109067280384447
G,13,S,0.03250660590386434
G,13,T,0.2678460789649965
G,13,P,0.517011002250369
G,13,C,0.32769008229938057
G,13,V,0.43494335469286144
G,13,Y,0.41940570698967344
G,13,M,0.42363883510093453
G,13,I,0.3341122864543687
G,13,L,0.4216799805109022
G,13,F,0.3742882839813396
G,13,W,0.30779670656483604
G,13,*,0.14981535910749436
V,14,D,0.3560289261137005
V,14,E,0.3225103596799578
V,14,K,0.029791202872104974
V,14,H,0.3668867784259323
V,14,R,0.009005790779974515
V,14,G,0.31039995298665585
V,14,N,0.35410426846036336
V,14,Q,0.407809769581698
V,14,A,0.14072491752466143
V,14,S,0.17741610932756424
V,14,T,0.22493920438588194
V,14,P,0.1847470097978398
V,14,C,0.19335390513451856
V,14,V,0.022294742513808242
V,14,Y,0.08571758150906034
V,14,M,0.21846065896814149
V,14,I,0.26586880492470316
V,14,L,0.3972505129030318
V,14,F,0.26882510488982253
V,14,W,-0.023421593019366076
V,14,*,-0.10247114059114411
G,15,D,-0.045847105734396064
G,15,E,-0.14515644577327028
G,15,K,-0.10352792325447135
G,15,H,-0.012489056137506699
G,15,R,-0.08503290450687559
G,15,G,0.052216987867748435
G,15,N,-0.3301764377120027
G,15,Q,0.008990818072142921
G,15,A,-0.05024180359352008
G,15,S,0.011254658427618636
G,15,T,-0.017257218917907945
G,15,P,-1.3623011719790523e-4
G,15,C,0.006090044542792276
G,15,V,-0.08310848321032915
G,15,Y,0.062249257335672846
G,15,M,0.21554149710445136
G,15,I,-0.28034101611213674
G,15,L,-0.11170599177352035
G,15,F,0.1993256593304224
G,15,W,0.06440236106249224
G,15,*,-0.01327024684794302
K,16,D,0.04040019087707195
K,16,E,-0.005166720139266591
K,16,K,0.01036076799914975
K,16,H,-0.040500839381036983
K,16,R,-0.058934338718351714
K,16,G,0.4443580613543097
K,16,N,0.31176550908783174
K,16,Q,0.05934608760005823
K,16,A,0.4722883883574866
K,16,S,0.4989740694205415
K,16,T,0.5143174691863553
K,16,P,0.0037808070478802594
K,16,C,0.49918844472563073
K,16,V,0.045167843335157484
K,16,Y,-0.12647988225422915
K,16,M,0.03416382924371143
K,16,I,-0.005869409380530613
K,16,L,-0.0011030177382031492
K,16,F,-0.10871632223558497
K,16,W,-0.06960850588487424
K,16,*,-0.11813370057820816
S,17,D,-0.05977629694030731
S,17,E,-0.08254714670428032
S,17,K,-0.15906344801337477
S,17,H,-0.1368045131143442
S,17,R,-0.09176580346677066
S,17,G,0.010446511135141483
S,17,N,0.031269694806750056
S,17,Q,0.2127631752711624
S,17,A,-0.11492004977827015
S,17,S,-0.03164348858016565
S,17,T,0.031094466741445236
S,17,P,-0.04220088037701047
S,17,C,-0.029824779747850676
S,17,V,-0.08359460538029218
S,17,Y,-0.14209133233644064
S,17,M,-0.23803525933717268
S,17,I,-0.09677313073141075
S,17,L,-0.06825946786308384
S,17,F,0.055623357486552054
S,17,W,-0.183931773657709
S,17,*,0.08551903741244729
A,18,D,0.46847138782175224
A,18,E,0.06603002926338163
A,18,K,0.062491934798946755
A,18,H,0.045944931843582226
A,18,R,-0.0718394106250271
A,18,G,0.17019624241124814
A,18,N,-0.04212722081458858
A,18,Q,0.39046987771432706
A,18,A,0.01604472031525806
A,18,S,-0.1639393283809665
A,18,T,0.02600318864209667
A,18,P,0.10970029879161246
A,18,C,-0.06715216308406195
A,18,V,0.29797703353067057
A,18,Y,-0.00574321601898608
A,18,M,0.3513444842220945
A,18,I,0.4350080787039988
A,18,L,-0.0012372933478539596
A,18,F,0.14068172660471823
A,18,W,0.25326910186642515
A,18,*,0.052480881809829225
L,19,D,-0.25174810681200244
L,19,E,-0.10574239461083239
L,19,K,-0.02945366182681976
L,19,H,0.10388751244658845
L,19,R,0.02361080074664929
L,19,G,0.10713814875614236
L,19,N,0.04939282535878133
L,19,Q,0.035962045230951964
L,19,A,-0.08205631235824114
L,19,S,-0.0363389810567193
L,19,T,0.029868731599383948
L,19,P,0.09901285250992063
L,19,C,0.02967281191447216
L,19,V,-0.05985660331903036
L,19,Y,0.37498632258075454
L,19,M,0.08683557616152003
L,19,I,-0.13465023203329551
L,19,L,0.0617319466702308
L,19,F,0.37752592875841995
L,19,W,0.3043476530156334
L,19,*,0.02544178045337122
T,20,D,0.4460211449244558
T,20,E,0.12557329187231298
T,20,K,-0.12100603758905576
T,20,H,0.042239852657070615
T,20,R,0.024349297298625835
T,20,G,0.16142393026296586
T,20,N,0.1211236728237354
T,20,Q,-0.04504876869887953
T,20,A,0.09028176258161266
T,20,S,-0.07148505553935558
T,20,T,-0.053825962835811376
T,20,P,0.055592708147921575
T,20,C,-0.2801690151200357
T,20,V,-0.15626142785106772
T,20,Y,-0.36450660716010175
T,20,M,0.10670399911225087
T,20,I,0.11600326055326188
T,20,L,-0.026522931370467125
T,20,F,-0.10498352937142917
T,20,W,-0.052852810566409614
T,20,*,-0.1526229490641937
I,21,D,-0.09269182441121566
I,21,E,-0.10136055862888273
I,21,K,-0.2786856463270255
I,21,H,-0.03814768128241764
I,21,R,-0.10260266592262036
I,21,G,-0.009217773022959078
I,21,N,-0.1658751320150848
I,21,Q,-0.36293650851241055
I,21,A,-0.02952902546567649
I,21,S,-0.025297646769030183
I,21,T,-0.0618644001082685
I,21,P,-0.04170731531383661
I,21,C,-0.18998707050008085
I,21,V,-0.03183066634373007
I,21,Y,-0.11748600807271771
I,21,M,0.08477468102261916
I,21,I,0.01036076799914975
I,21,L,0.024238385578018252
I,21,F,-0.0021209882436362803
I,21,W,-0.0055846381880299365
I,21,*,-0.10949366044629785
Q,22,D,0.26153738269024535
Q,22,E,0.26346936051949144
Q,22,K,0.4072964136961135
Q,22,H,0.07806335236591856
Q,22,R,0.07031461800595679
Q,22,G,0.06359997866125536
Q,22,N,0.01748557608809661
Q,22,Q,0.01036076799914975
Q,22,A,-0.015102318623105175
Q,22,S,-0.03255647081603644
Q,22,T,0.09423130595179174
Q,22,P,0.013803472727283477
Q,22,C,0.01659141906484435
Q,22,V,0.08887678082805534
Q,22,Y,0.21750790082315324
Q,22,M,-0.12825784060883405
Q,22,I,0.39789172887142044
Q,22,L,0.10046293395311598
Q,22,F,0.25644131124336134
Q,22,W,0.2731005018606853
Q,22,*,-0.1308903284602617
L,23,D,0.40612300817737823
L,23,E,0.10909543915270377
L,23,K,0.42627059071170126
L,23,H,0.003938347816170685
L,23,R,0.5187138212535185
L,23,G,0.37755122147606246
L,23,N,0.33682032985905774
L,23,Q,0.07251623807519186
L,23,A,0.037761752424081974
L,23,S,0.36116263174967744
L,23,T,0.23767799223455854
L,23,P,0.008788336756283176
L,23,C,-0.15396138008673774
L,23,V,-0.11439071579792182
L,23,Y,-0.055417171268349004
L,23,M,0.17513660402766448
L,23,I,-0.1498165227666567
L,23,L,-0.0772217567769379
L,23,F,0.03899767564105975
L,23,W,-0.03975393135318628
L,23,*,-0.14865626928034562
I,24,D,-0.13658547471397514
I,24,E,-0.052054296166871405
I,24,K,0.23003747307411854
I,24,H,0.004770712802672834
I,24,R,-0.030104126663468574
I,24,G,0.1145891509525101
I,24,N,0.04754360429037212
I,24,Q,0.03413711015201717
I,24,A,-0.14691005953175826
I,24,S,-0.09703298071684524
I,24,T,-0.08644504285776027
I,24,P,0.032041155793181016
I,24,C,-0.032108350133271485
I,24,V,-0.07510507403712705
I,24,Y,-0.049476758934018844
I,24,M,-0.14462613925814233
I,24,I,0.01036076799914975
I,24,L,-0.00797069167456505
I,24,F,-0.020073482242276744
I,24,W,0.0388603199778312
I,24,*,-0.07414476741018244
Q,25,D,-0.10242472156396426
Q,25,E,-0.06115224051620068
Q,25,K,-0.08781183069776378
Q,25,H,-0.04782490484644684
Q,25,R,-0.03560568139599247
Q,25,G,-0.025235118432150563
Q,25,N,-0.0251633334378183
Q,25,Q,0.01036076799914975
Q,25,A,-0.08196177728358311
Q,25,S,-0.05470419242936671
Q,25,T,-0.10474021945115196
Q,25,P,0.0744474967605751
Q,25,C,-0.09660294257324428
Q,25,V,-0.1893831359096338
Q,25,Y,-0.023502479116052515
Q,25,M,-0.032901934612859715
Q,25,I,-0.18260453161476928
Q,25,L,-0.06291118382673504
Q,25,F,0.00248587021086902
Q,25,W,0.02034476027543221
Q,25,*,0.016999017654018227
N,26,D,0.03443316702241835
N,26,E,-0.0558148362805624
N,26,K,-0.005846419929637796
N,26,H,-0.005976626043148435
N,26,R,-0.01703465894651058
N,26,G,-0.055077398807031525
N,26,N,0.01036076799914975
N,26,Q,-0.006069038668383955
N,26,A,0.011244690375194887
N,26,S,0.07783758846725022
N,26,T,0.10504746160302464
N,26,P,0.1284624216763982
N,26,C,0.062098566059533664
N,26,V,0.038771830405683536
N,26,Y,0.1114432390570893
N,26,M,0.04400225762666757
N,26,I,0.16105534793809076
N,26,L,0.027281952856223014
N,26,F,0.06603693704692708
N,26,W,0.13332688706560547
N,26,*,0.04431630415493125
H,27,D,-0.19416414541882207
H,27,E,-0.006692480311933995
H,27,K,-0.06958445040096396
H,27,H,-0.040979865499544764
H,27,R,-0.057685030944503404
H,27,G,0.06372520643928149
H,27,N,-0.1042836011830574
H,27,Q,-0.00835783129332978
H,27,A,-0.028874236038112497
H,27,S,-0.036610800985935305
H,27,T,-0.05017663778938204
H,27,P,-0.010826363484833481
H,27,C,-0.19683340211989075
H,27,V,-0.10719277710069838
H,27,Y,-0.0035891085540524018
H,27,M,-0.0025024749880993985
H,27,I,-0.05526197324302936
H,27,L,-0.05243145760151702
H,27,F,0.07819453378127683
H,27,W,0.06395050106760676
H,27,*,-0.20414870654888456
F,28,D,-0.09821890813926666
F,28,E,-0.13569564180985177
F,28,K,0.10028689796351324
F,28,H,0.10258401973586273
F,28,R,0.13682587841955357
F,28,G,-0.018995227096711656
F,28,N,-0.13242714018571808
F,28,Q,-0.015732868815966757
F,28,A,0.07385584652830332
F,28,S,-0.024884203339926872
F,28,T,0.02296927997636664
F,28,P,0.00678400792365951
F,28,C,0.08728021948434665
F,28,V,0.12354542217154996
F,28,Y,0.0038210801670893295
F,28,M,0.062211845130104304
F,28,I,0.14696033173224585
F,28,L,0.1041561480636492
F,28,F,0.07668364158980327
F,28,W,0.0034930054315158374
F,28,*,-0.07696707280334104
V,29,D,-0.105544604261324
V,29,E,-0.05879595316833911
V,29,K,-0.23752240203199568
V,29,H,-0.114841937398862
V,29,R,-0.22713672096635035
V,29,G,-0.011540761550419505
V,29,N,-0.10052537615544219
V,29,Q,0.07257717011250354
V,29,A,-0.00795500956295284
V,29,S,0.019281954683587364
V,29,T,-0.060863565863958746
V,29,P,0.003722532792864889
V,29,C,-0.008305422122240544
V,29,V,-0.011122196434270058
V,29,Y,-0.09531575717751564
V,29,M,-0.047899423846563746
V,29,I,-0.010904691890256474
V,29,L,0.06071103773056403
V,29,F,0.01788572178986589
V,29,W,0.06976673886458352
V,29,*,0.055018094329131365
D,30,D,0.01036076799914975
D,30,E,-0.02619207191970574
D,30,K,-0.026575866445359284
D,30,H,-0.01673264068492848
D,30,R,-0.011552622463553245
D,30,G,2.8295640564682516e-4
D,30,N,0.044932866663728616
D,30,Q,0.011707119015969554
D,30,A,-0.054940598668274915
D,30,S,0.007975043093064339
D,30,T,-0.01463483457721304
D,30,P,-0.005002171625788715
D,30,C,-0.017129103591617435
D,30,V,0.08373171044475883
D,30,Y,-0.02926102071925589
D,30,M,-0.007340605006082922
D,30,I,-0.006128512981532101
D,30,L,0.052246063088755075
D,30,F,0.11222002707570458
D,30,W,0.01603778490327252
D,30,*,-0.010047776559042994
E,31,D,0.027984294854756418
E,31,E,-0.03721656075451003
E,31,K,-0.21227147661428702
E,31,H,-0.11619779054007083
E,31,R,-0.17085279510787138
E,31,G,-0.14098190952380318
E,31,N,-0.04199104376806302
E,31,Q,-0.15035774733862003
E,31,A,-0.1815659923208256
E,31,S,-0.29302122879989323
E,31,T,-0.02486868957885748
E,31,P,0.1753213018124552
E,31,C,-0.18034105089781066
E,31,V,-0.02120709110585671
E,31,Y,-0.19204769057065413
E,31,M,-0.0268500998587103
E,31,I,-0.08975118529500906
E,31,L,-0.07057210684782302
E,31,F,-0.05629747217183938
E,31,W,-0.16598775961806253
E,31,*,-0.36683578338375566
Y,32,D,-0.15216668100478575
Y,32,E,-0.0674319035435367
Y,32,K,-0.31561316438057463
Y,32,H,-0.009014506427320788
Y,32,R,-0.12164940440773367
Y,32,G,0.075259651616515
Y,32,N,-0.018069705863210835
Y,32,Q,-0.19618928600307484
Y,32,A,-0.056892584091164045
Y,32,S,0.004310995978052075
Y,32,T,-0.10515765345303811
Y,32,P,-0.03018433402295825
Y,32,C,-0.09090450744451431
Y,32,V,-0.1563192084061278
Y,32,Y,0.01036076799914975
Y,32,M,-0.05900300319958317
Y,32,I,-0.02701625298329553
Y,32,L,-0.18504884670461144
Y,32,F,-0.16750713229918834
Y,32,W,-0.043760090903030006
Y,32,*,-0.12409189153468775
D,33,D,0.01036076799914975
D,33,E,-0.0034893331600801096
D,33,K,0.00839428740635094
D,33,H,-0.05647372587603912
D,33,R,-0.03743209824007605
D,33,G,-0.15070609202443014
D,33,N,-0.053528659613118534
D,33,Q,-0.013904936017640479
D,33,A,-0.1626100630002912
D,33,S,-0.20353354846661686
D,33,T,-0.09726705412374496
D,33,P,0.0050891937497604955
D,33,C,-0.19426312424105546
D,33,V,-0.023438652784972216
D,33,Y,-0.07318515806868675
D,33,M,0.04910867525534038
D,33,I,0.02014739091324103
D,33,L,-0.004921249723119501
D,33,F,-0.02568695091000791
D,33,W,-0.16997499212973777
D,33,*,-0.11656517688906538
P,34,D,-0.058391549484609104
P,34,E,0.42953849227881535
P,34,K,0.25953909969026784
P,34,H,-0.051974300273874105
P,34,R,0.16315266553040586
P,34,G,-0.11568529847754316
P,34,N,-0.07438536844617454
P,34,Q,0.14586731544139717
P,34,A,-0.018304664284329506
P,34,S,-0.08193309927988209
P,34,T,-0.062409016672991396
P,34,P,0.007470302337003035
P,34,C,0.019662625205675452
P,34,V,-0.12294026167318933
P,34,Y,0.18626480225851644
P,34,M,0.045777327149911354
P,34,I,-0.1269916321880212
P,34,L,-0.08887344544012343
P,34,F,0.2608735818800599
P,34,W,0.16035788553713004
P,34,*,-0.1683086507541139
T,35,D,-0.0356103268343117
T,35,E,-0.27468360926305885
T,35,K,0.0359559278319458
T,35,H,-0.08976581651687465
T,35,R,-0.09427852443952599
T,35,G,-0.03898033094307073
T,35,N,0.03604590686519013
T,35,Q,-0.14965234283152484
T,35,A,-0.1961458049294435
T,35,S,-0.10767808657167383
T,35,T,-0.0469280454939546
T,35,P,-0.18777118125289316
T,35,C,0.04375350706325452
T,35,V,-0.06199610644522888
T,35,Y,-0.12700162171528623
T,35,M,-0.014518186273027867
T,35,I,-0.4282267412716837
T,35,L,-0.18088751795849325
T,35,F,-0.013924257905762641
T,35,W,0.0636096856690967
T,35,*,-0.11369791584052234
I,36,D,-0.22480548007799933
I,36,E,-0.054892528179721164
I,36,K,-0.13730347529842557
I,36,H,-0.01899216757433437
I,36,R,-0.14180064172136742
I,36,G,-0.13744341054868978
I,36,N,0.12281022863441111
I,36,Q,-0.1231516355365296
I,36,A,-0.11276133375762071
I,36,S,-0.05797448423021505
I,36,T,-0.13576034715821222
I,36,P,-0.1722435627258882
I,36,C,-0.05833013292497366
I,36,V,-0.08174451654086351
I,36,Y,0.061275044195520614
I,36,M,-0.03962082296764394
I,36,I,-0.06640980293032621
I,36,L,-0.06591198969838047
I,36,F,0.05014276728354894
I,36,W,-0.07618779838765997
I,36,*,-0.22314975623850453
E,37,D,0.17811919384887764
E,37,E,0.01036076799914975
E,37,K,0.02854804640888453
E,37,H,-0.04031089801416217
E,37,R,-0.09249751760854341
E,37,G,-0.14977564492811024
E,37,N,-0.26932979778937527
E,37,Q,-0.08221404178227434
E,37,A,-0.050220180032267456
E,37,S,-0.09946458926240354
E,37,T,-0.09907424375741639
E,37,P,-0.10496765402221825
E,37,C,-0.1637346534898953
E,37,V,-0.039870579136683376
E,37,Y,0.10628781310122505
E,37,M,-0.2977418138970781
E,37,I,0.11698847336898958
E,37,L,-0.10764909184035924
E,37,F,-0.049789809643658575
E,37,W,-0.00987681500679909
E,37,*,-0.03992042494182341
D,38,D,0.03551955229514549
D,38,E,-0.02687796664017727
D,38,K,-0.12447979738986957
D,38,H,-0.07659517514613778
D,38,R,-0.15372134615378732
D,38,G,-0.07242600439842425
D,38,N,-0.01915829208891196
D,38,Q,-0.09615745994925234
D,38,A,-0.16501386518468622
D,38,S,-0.16505685654921567
D,38,T,-0.09717607910531284
D,38,P,-0.09088995401992717
D,38,C,-0.14779286275866704
D,38,V,-0.089733361135176
D,38,Y,0.09174989747518103
D,38,M,-0.3952781342417396
D,38,I,-0.113776724916718
D,38,L,-0.04435839860451969
D,38,F,-0.19735111629836508
D,38,W,-0.144993495235524
D,38,*,0.10843447846636349
S,39,D,-0.07138049163143241
S,39,E,-0.317787132193716
S,39,K,-0.3476653031259797
S,39,H,-0.25631311336896456
S,39,R,-0.1037568744630615
S,39,G,-0.03607035607027922
S,39,N,-0.05061059671524341
S,39,Q,-0.3157818823769837
S,39,A,-0.07569054640701839
S,39,S,-0.025094310234204584
S,39,T,-0.02572535656579648
S,39,P,-0.09431773773761495
S,39,C,-0.1338820537396872
S,39,V,-0.1668443881921291
S,39,Y,-0.10980353628162529
S,39,M,0.049954346135497166
S,39,I,-0.13227528097761404
S,39,L,-0.18716924336744023
S,39,F,-0.044372724591325005
S,39,W,-0.26897140189667884
S,39,*,-0.17721429571193362
Y,40,D,-0.15048232630989472
Y,40,E,0.10824413583859556
Y,40,K,0.029878690875332833
Y,40,H,-0.017752253164278104
Y,40,R,-0.2331413893999775
Y,40,G,-0.0510800350345009
Y,40,N,-0.035773595198260066
Y,40,Q,-0.2928222305951857
Y,40,A,-0.02431000829866406
Y,40,S,-0.054738351922549694
Y,40,T,-0.17453843105933256
Y,40,P,-0.10316537833187389
Y,40,C,-0.06606496073199444
Y,40,V,-0.1231096223052157
Y,40,Y,0.01036076799914975
Y,40,M,-0.12461180644986496
Y,40,I,-0.06539405251206312
Y,40,L,-0.19097436782535204
Y,40,F,-0.09727815079384869
Y,40,W,-0.28291448924727125
Y,40,*,-0.03880161050917393
R,41,D,-0.06376295103068479
R,41,E,-0.07601584493489295
R,41,K,0.13067469323815703
R,41,H,-0.1241727464553063
R,41,R,-0.00841658299922506
R,41,G,-0.10999291768515096
R,41,N,-0.06409608057061997
R,41,Q,-0.16545171249942678
R,41,A,-0.07040362532490564
R,41,S,-0.14355801325674855
R,41,T,0.00846820323360431
R,41,P,-0.0841128919671046
R,41,C,-0.0369443043941099
R,41,V,-0.029377084624215878
R,41,Y,-0.01185563011186945
R,41,M,-0.045109609040967
R,41,I,-0.058024018178119634
R,41,L,-0.06166624809898985
R,41,F,0.02104331561519869
R,41,W,-0.041358315912984125
R,41,*,-0.32573870868162985
K,42,D,-0.05647183463232815
K,42,E,-0.1170791777365334
K,42,K,0.01036076799914975
K,42,H,-0.072758797686588
K,42,R,-0.02846357421205017
K,42,G,0.03503899741332035
K,42,N,0.028186288050576668
K,42,Q,-0.07397840636677551
K,42,A,0.00860304558568678
K,42,S,0.0013415391701006793
K,42,T,-0.18823831710402567
K,42,P,-0.010194370001266714
K,42,C,-0.07698289280682274
K,42,V,-0.08951777580347806
K,42,Y,-0.0019489008998716806
K,42,M,-0.006270633480937232
K,42,I,-0.13926656776425383
K,42,L,-0.022667834392780924
K,42,F,-0.07252097826540013
K,42,W,-0.06844900285323448
K,42,*,-0.039582589170927024
Q,43,D,-0.1311063421835541
Q,43,E,-0.21373385344899237
Q,43,K,-0.09433130731452913
Q,43,H,-0.06882681022473758
Q,43,R,0.06902393274438698
Q,43,G,-0.054046133173071415
Q,43,N,-0.122979273499731
Q,43,Q,0.01036076799914975
Q,43,A,-0.0701120498565119
Q,43,S,-0.05207471226525977
Q,43,T,-0.049000447060138896
Q,43,P,-0.10035847141375029
Q,43,C,-0.06043409138180185
Q,43,V,-0.0633645339263962
Q,43,Y,-0.009033791429751612
Q,43,M,0.0881217495372641
Q,43,I,-0.018340520768495877
Q,43,L,-0.004131597022789191
Q,43,F,0.13376838669551894
Q,43,W,-0.09180743643520517
Q,43,*,-0.03854904764306959
V,44,D,-0.15718979083927836
V,44,E,-0.00592157202909659
V,44,K,-0.10153500100043181
V,44,H,-0.07652765618865962
V,44,R,-0.17377041530002868
V,44,G,0.035253052637797586
V,44,N,0.021741552359835957
V,44,Q,-0.08856449195098183
V,44,A,-0.014177293118571386
V,44,S,-0.11003023049094905
V,44,T,-0.029739542744005865
V,44,P,-0.04240816037196579
V,44,C,-0.07627036119533841
V,44,V,0.008450428025756348
V,44,Y,-0.07196844029870642
V,44,M,-0.0684188355873203
V,44,I,0.09144106976050287
V,44,L,-0.046124005198421233
V,44,F,-0.12952031251564944
V,44,W,-0.04967436922993592
V,44,*,-0.16140715418538484
V,45,D,-0.03563141883440383
V,45,E,-0.2779107480142374
V,45,K,-0.28293511376531166
V,45,H,-0.07569734587509103
V,45,R,-0.13743215750389035
V,45,G,-0.03478966989578196
V,45,N,-0.07581613886608923
V,45,Q,-0.059296591505491894
V,45,A,0.019447888222021474
V,45,S,-0.08582796821363396
V,45,T,-0.04020490652968012
V,45,P,-0.0771386003798161
V,45,C,-0.10281052147015853
V,45,V,0.13635051732604145
V,45,Y,-0.04111179122103458
V,45,M,-0.3329938003111522
V,45,I,0.044606996086634404
V,45,L,0.038254329188631975
V,45,F,-0.09634870042292683
V,45,W,-0.09187098597443508
V,45,*,-0.29461384904920285
I,46,D,-0.08049810338218144
I,46,E,-0.14886447478024223
I,46,K,-0.10300195209599264
I,46,H,-0.025937896619657952
I,46,R,0.04305984223912783
I,46,G,-0.036593356922097295
I,46,N,-0.07236810113302602
I,46,Q,-0.010544479849500535
I,46,A,8.665698160263482e-4
I,46,S,-0.05587965352707983
I,46,T,-0.05615107545453228
I,46,P,-0.012363739259168054
I,46,C,-0.09171408293397298
I,46,V,-0.011534996422201217
I,46,Y,-0.017759780770710828
I,46,M,0.10024736201036467
I,46,I,-0.00736250674289159
I,46,L,-0.14320529247191155
I,46,F,0.051648386649775224
I,46,W,-0.07602466384912379
I,46,*,-0.10153966390402765
D,47,D,-0.026050920615709086
D,47,E,0.07491575606626782
D,47,K,0.13389041758706544
D,47,H,0.021786264641162803
D,47,R,0.0010494660323816865
D,47,G,0.03002203283325802
D,47,N,-0.0727014001697096
D,47,Q,0.01640338302555735
D,47,A,0.03770792327198173
D,47,S,0.02678294122545096
D,47,T,-0.031074904662207165
D,47,P,-0.0198167919250005
D,47,C,0.009583231249657008
D,47,V,-0.08063032989823218
D,47,Y,-0.005457483207068483
D,47,M,0.07207006333557518
D,47,I,0.15241726814856923
D,47,L,0.06442909653967706
D,47,F,-0.05372716174075144
D,47,W,-0.10002886068194769
D,47,*,-0.07702808769131073
G,48,D,-0.02683260530589389
G,48,E,-0.020554002915849773
G,48,K,-0.17439802744295116
G,48,H,-0.07220729775919514
G,48,R,-0.02484680953249151
G,48,G,0.0064846225670701745
G,48,N,0.0067155958619335675
G,48,Q,-0.022499810754277608
G,48,A,-0.04839450732656092
G,48,S,-0.023913315846701363
G,48,T,-0.046234269805051596
G,48,P,-0.04766575929415086
G,48,C,-0.04234827659992504
G,48,V,-0.032006968225809326
G,48,Y,-0.012802530616931151
G,48,M,0.07481791468188609
G,48,I,0.03284399952572073
G,48,L,-0.06368522533694379
G,48,F,0.015110305248128918
G,48,W,0.011248034130528356
G,48,*,-0.162245044562615
E,49,D,-0.2116599495054684
E,49,E,0.01036076799914975
E,49,K,-0.029018491954071517
E,49,H,-0.037265330252114905
E,49,R,-0.07635513776292506
E,49,G,-0.025543150168261794
E,49,N,-0.12294696671608776
E,49,Q,0.020940711156988992
E,49,A,-0.025256572563210344
E,49,S,0.02244676604584005
E,49,T,0.029220484030170614
E,49,P,-0.08306006748807576
E,49,C,-0.059220523843108656
E,49,V,0.052517770845526085
E,49,Y,0.03129063299513035
E,49,M,-0.18771925759811736
E,49,I,0.07549623706706776
E,49,L,-0.02557863886713456
E,49,F,-0.12096193148442191
E,49,W,-0.04101213074624206
E,49,*,-0.006451243367896632
T,50,D,0.08850671953001654
T,50,E,-0.11822795714176434
T,50,K,-0.0527263071918884
T,50,H,-0.02436054172253327
T,50,R,0.05947163661802861
T,50,G,0.07369104573478459
T,50,N,-0.10978679722195428
T,50,Q,0.059558258152465016
T,50,A,0.04352145335638394
T,50,S,-0.0264453555829293
T,50,T,0.043163483231925134
T,50,P,0.041518145595792096
T,50,C,-0.09825976400730807
T,50,V,0.06415800025634025
T,50,Y,-0.128017480061066
T,50,M,0.05062893255779052
T,50,I,0.1112924711283272
T,50,L,-0.052803801537044705
T,50,F,-0.07106374920547034
T,50,W,-0.1424383699153517
T,50,*,0.0426383346099851
C,51,D,-0.06308696608278448
C,51,E,-0.024211922965553516
C,51,K,0.042724364309101176
C,51,H,-0.04454283346947037
C,51,R,-0.01174679224506692
C,51,G,0.16989864176636962
C,51,N,-0.06622217700763872
C,51,Q,-0.030992094327821462
C,51,A,-0.054694991987412095
C,51,S,0.0030284807721029684
C,51,T,0.02293129981842034
C,51,P,0.06530861406845177
C,51,C,0.01036076799914975
C,51,V,-0.019496443798501472
C,51,Y,-0.07565179378147459
C,51,M,-0.13394861395643065
C,51,I,-0.11742813134903143
C,51,L,-0.04458373964211928
C,51,F,0.025919962698057315
C,51,W,-0.05476186405300709
C,51,*,-0.20503641831868294
L,52,D,-0.17538721422678222
L,52,E,0.02272387457045325
L,52,K,-0.0775092749894435
L,52,H,-0.07921867595691781
L,52,R,0.06836889080431886
L,52,G,-0.01097827044875657
L,52,N,0.07219645745425837
L,52,Q,0.10527443239687179
L,52,A,-0.011711269957221378
L,52,S,0.01990432217915348
L,52,T,-0.09832975374810585
L,52,P,0.09075510747131124
L,52,C,-0.05496352175910092
L,52,V,0.02034580311390743
L,52,Y,0.021518632974390606
L,52,M,0.009364622458239035
L,52,I,0.12502881028157434
L,52,L,0.03495256646918603
L,52,F,0.0939308697970578
L,52,W,-0.03328345711144437
L,52,*,-0.06546435464368275
L,53,D,-0.10475766852577782
L,53,E,-0.0058965176117444845
L,53,K,-0.03357676765286742
L,53,H,-0.048571763929598305
L,53,R,-0.054130919172250526
L,53,G,0.11792611665139295
L,53,N,0.03918661918535494
L,53,Q,-0.05343247752696103
L,53,A,0.032907882200581086
L,53,S,0.0988979504471452
L,53,T,0.04961975131594232
L,53,P,0.03510002337952352
L,53,C,-0.09972305488115914
L,53,V,0.0499983355406146
L,53,Y,0.11479951999162372
L,53,M,-0.029345995182374175
L,53,I,-0.09376429241538471
L,53,L,-0.015530819041503899
L,53,F,0.041733656696345024
L,53,W,0.17411826738565456
L,53,*,-0.16054308296887318
D,54,D,0.01036076799914975
D,54,E,0.038110881355012366
D,54,K,0.13184966102047452
D,54,H,-0.09108827471190646
D,54,R,-0.05534154391820529
D,54,G,-0.05315853342690371
D,54,N,-0.08765942821014172
D,54,Q,0.1497370703572397
D,54,A,0.021583979758885194
D,54,S,-0.02499654935013431
D,54,T,-0.014388080893819283
D,54,P,-0.035805667220567855
D,54,C,0.049107269166501544
D,54,V,0.03982630934443844
D,54,Y,0.034281725539937614
D,54,M,0.002226719557422027
D,54,I,-0.06141965300993158
D,54,L,-0.10125991512036199
D,54,F,-0.0020110882233807196
D,54,W,-0.08855605471150199
D,54,*,-0.32605871422633137
I,55,D,-0.03893156533807786
I,55,E,-0.22468434393506398
I,55,K,-0.21026743915783952
I,55,H,0.17953551978767102
I,55,R,-0.05945243855367634
I,55,G,-0.037738260646766504
I,55,N,0.18354956379222753
I,55,Q,0.10889113406705578
I,55,A,-0.08902798386788668
I,55,S,0.1360530715205405
I,55,T,-0.03755877075583053
I,55,P,-0.014324296230559305
I,55,C,-0.030805171876922378
I,55,V,-0.024839672787746125
I,55,Y,0.077204336171858165
I,55,M,-0.055476397330291555
I,55,I,0.01036076799914975
I,55,L,0.05674319701083132
I,55,F,0.050680747007268795
I,55,W,-0.020654551543269534
I,55,*,-0.014149821516699121
L,56,D,0.022958942014680135
L,56,E,0.32435096754352605
L,56,K,0.04188819575004723
L,56,H,-0.012291381318174654
L,56,R,-0.002197766160026555
L,56,G,0.15657781975235632
L,56,N,0.10911456813981643
L,56,Q,0.007999607646444973
L,56,A,0.029124682950293912
L,56,S,0.00129846388792422
L,56,T,-0.028421043048433035
L,56,P,-0.10360089303953154
L,56,C,0.058243043950027544
L,56,V,-0.09200313296937884
L,56,Y,0.06302996645889195
L,56,M,-0.043446868576351376
L,56,I,0.010696815267202883
L,56,L,0.033972333696598626
L,56,F,-0.11813203295014987
L,56,W,0.029338503676311623
L,56,*,-0.2494052274979058
D,57,D,-0.0759205254231162
D,57,E,0.05936512493246065
D,57,K,-0.2636373266169586
D,57,H,-0.13309361915297346
D,57,R,-0.08503711495697269
D,57,G,-0.28280810987731175
D,57,N,-0.06758556279922512
D,57,Q,-0.10627403779241461
D,57,A,-0.04265495106376464
D,57,S,-0.06782796487686449
D,57,T,-0.039202717318691925
D,57,P,-0.10544687518754527
D,57,C,-0.36474004914970753
D,57,V,-0.19752341127180115
D,57,Y,-0.21760049944968538
D,57,M,-0.1732327216694181
D,57,I,-0.17100400568936325
D,57,L,-0.08759361367469305
D,57,F,-0.10949323678142676
D,57,W,-0.037960459212861314
D,57,*,-0.04697764734793347
T,58,D,-0.059221841066579156
T,58,E,0.007436281718697417
T,58,K,0.20311298159030006
T,58,H,-0.07689008405496375
T,58,R,-0.026185036769333793
T,58,G,-0.044279057552925695
T,58,N,0.06836765715646169
T,58,Q,0.1137205209067281
T,58,A,0.046621664092532336
T,58,S,-0.03804059357819932
T,58,T,0.007646886125926945
T,58,P,-0.02102632851936537
T,58,C,-0.07839339504638868
T,58,V,0.18610293501178865
T,58,Y,0.14269256163965585
T,58,M,0.25416927533938344
T,58,I,0.18234782643772568
T,58,L,0.3246161700868945
T,58,F,0.23086408730339347
T,58,W,-0.04752283796652458
T,58,*,-0.06938109517811579
A,59,D,0.22926326436144268
A,59,E,0.06577776507554976
A,59,K,0.010684553010218235
A,59,H,-0.02690243418553525
A,59,R,-0.10579748961670514
A,59,G,0.3229778291175306
A,59,N,0.01613118787788988
A,59,Q,0.007010145306225984
A,59,A,0.06609977016504565
A,59,S,0.1723700993603772
A,59,T,0.28801967097531367
A,59,P,0.09379183479173442
A,59,C,-0.11214721745862465
A,59,V,-0.10093802376965005
A,59,Y,-0.037360364060548275
A,59,M,-0.07233710667612175
A,59,I,-0.05341468626061109
A,59,L,-0.09936408804102546
A,59,F,-0.285918854780817
A,59,W,0.007834881344865697
A,59,*,-0.18093864369472432
G,60,D,0.17014445544914925
G,60,E,0.08765622710221906
G,60,K,0.12538657584686588
G,60,H,0.26438361225522594
G,60,R,0.06789812358861161
G,60,G,0.12084882295176357
G,60,N,0.09386098825827328
G,60,Q,0.08819615530187142
G,60,A,0.016159432221587146
G,60,S,0.027322660705986757
G,60,T,0.038439404245674734
G,60,P,0.3101991465427344
G,60,C,0.041776136659658035
G,60,V,0.06678109595936015
G,60,Y,-0.0860224866951538
G,60,M,0.056537172572671685
G,60,I,-0.00300950639851345
G,60,L,0.09745443192793704
G,60,F,0.055401076502271315
G,60,W,0.07989537024049005
G,60,*,-0.14375722740108007
Q,61,D,0.4701390030243171
Q,61,E,0.14156599950013726
Q,61,K,0.49061500633154653
Q,61,H,0.4661434052669715
Q,61,R,0.5048944845765809
Q,61,G,0.290488542966416
Q,61,N,0.6148151096248009
Q,61,Q,0.055108131716275696
Q,61,A,0.5496607043368241
Q,61,S,0.6087767026248988
Q,61,T,0.542825528682719
Q,61,P,0.36443432654462954
Q,61,C,0.5168424009451942
Q,61,V,0.5201196874532298
Q,61,Y,0.44080117685619324
Q,61,M,0.4534695437752673
Q,61,I,0.5545082597902218
Q,61,L,0.4812301882311608
Q,61,F,0.2910472776455268
Q,61,W,0.40506475071370435
Q,61,*,-0.009199054084348481
E,62,D,-0.03401031544378181
E,62,E,0.055108131716275696
E,62,K,0.03495773924266195
E,62,H,-0.14314212287173758
E,62,R,-0.027491171186436493
E,62,G,0.03936263861600457
E,62,N,-0.2232688615480108
E,62,Q,0.00951615098728055
E,62,A,0.1791024326203359
E,62,S,-0.02743433422823387
E,62,T,-0.11980032639760904
E,62,P,0.03591479104911077
E,62,C,-0.00899765297853802
E,62,V,-0.02727642326217147
E,62,Y,0.030906213603302285
E,62,M,-0.054431763290729754
E,62,I,0.04167731365750269
E,62,L,-0.027544314810287008
E,62,F,-0.04127750294528906
E,62,W,-0.13193973542531046
E,62,*,0.009059296698165974
E,63,D,-0.08969378763644396
E,63,E,0.055108131716275696
E,63,K,0.14005742288089107
E,63,H,0.1274986451488976
E,63,R,0.2401018749052622
E,63,G,0.14116598551717008
E,63,N,-0.24829131199895965
E,63,Q,0.04875907144388746
E,63,A,-0.09581977914900078
E,63,S,0.06755918266604022
E,63,T,0.0034336574517481074
E,63,P,0.06736130805498423
E,63,C,-0.02446523786237046
E,63,V,-0.042857010962110635
E,63,Y,0.39326777551720593
E,63,M,0.1498043740614361
E,63,I,-0.018342274722493113
E,63,L,0.13976048052548165
E,63,F,0.08609387323670041
E,63,W,0.08278577997430309
E,63,*,0.016588797502169145
Y,64,D,0.04157384966155983
Y,64,E,0.03799328415474521
Y,64,K,-0.25924997073888173
Y,64,H,0.07864500853318665
Y,64,R,-0.11671614444849132
Y,64,G,-0.05457896301110594
Y,64,N,-0.03247109327596919
Y,64,Q,0.04052288000863124
Y,64,A,0.04286688137918752
Y,64,S,0.013973143837713184
Y,64,T,-0.19807471590064307
Y,64,P,0.03791333066882799
Y,64,C,0.13292257290881138
Y,64,V,-0.09646573407177148
Y,64,Y,0.055108131716275696
Y,64,M,-0.07535613942450929
Y,64,I,-0.20806740975088364
Y,64,L,-0.11772869563629826
Y,64,F,0.18495986130656503
Y,64,W,-0.1611889186266728
Y,64,*,-0.17390653906435777
S,65,D,-0.13768974897006092
S,65,E,-0.11930430611705486
S,65,K,0.05888383614110353
S,65,H,-0.048858737223135815
S,65,R,-0.05183110132830644
S,65,G,-2.4197043414743002e-4
S,65,N,-0.06356062921419586
S,65,Q,-0.042841998725445196
S,65,A,0.030438731490009457
S,65,S,0.023484729703472238
S,65,T,0.05023427345752127
S,65,P,-0.0026217159119413316
S,65,C,-0.058980238582505985
S,65,V,-0.034937394665509575
S,65,Y,0.013561935707289294
S,65,M,-0.07788588934603222
S,65,I,0.0943049992119335
S,65,L,-0.18053045159048625
S,65,F,-0.09321256886437952
S,65,W,-0.23988925686389334
S,65,*,0.06046163044347838
A,66,D,0.03844517930597656
A,66,E,0.0756791293442733
A,66,K,-0.09114668496490098
A,66,H,0.03835328317047046
A,66,R,0.03492999097241136
A,66,G,-0.04111901739196183
A,66,N,-0.11901302025963056
A,66,Q,-0.025972070608411984
A,66,A,0.020662073309199974
A,66,S,-0.028145732871116998
A,66,T,0.0024242747766137253
A,66,P,-0.023312486068999404
A,66,C,-0.14846082123497611
A,66,V,-0.00836098724066538
A,66,Y,0.032902707845457506
A,66,M,-0.42204731066530055
A,66,I,0.1099099188216257
A,66,L,-0.09794741959434525
A,66,F,-0.01381682872231016
A,66,W,0.06747059890339129
A,66,*,-0.12760911404757433
M,67,D,-0.06399879040994785
M,67,E,-0.06281081840054502
M,67,K,-0.13159238491414368
M,67,H,-0.06341348216985127
M,67,R,-0.1261665936445308
M,67,G,0.03390346359709477
M,67,N,0.18871134113963972
M,67,Q,-0.1488134240025718
M,67,A,0.012442084546805569
M,67,S,-0.014265910952370595
M,67,T,0.02649389191684191
M,67,P,-0.09487477627081316
M,67,C,0.02286323138474619
M,67,V,-0.09588534415585152
M,67,Y,0.053235945859376105
M,67,M,0.055108131716275696
M,67,I,-0.038255766492646
M,67,L,0.03095473653336093
M,67,F,0.009425852582185394
M,67,W,-0.09183311222839272
M,67,*,-0.2970159207597968
R,68,D,0.25780862116622283
R,68,E,0.3274679908847632
R,68,K,-0.021391203011689022
R,68,H,0.20865753463443196
R,68,R,0.03804940235027549
R,68,G,0.2070678222278514
R,68,N,0.37935784494695735
R,68,Q,0.09814599663230067
R,68,A,0.07080583628818357
R,68,S,0.15574171078428398
R,68,T,0.11923404265785938
R,68,P,0.36298718214186565
R,68,C,0.009723137661714894
R,68,V,0.01584005022501388
R,68,Y,0.06161902654497255
R,68,M,0.2610218818851574
R,68,I,0.28350775720585863
R,68,L,0.17236542474454825
R,68,F,0.26184206889457085
R,68,W,0.055090404018735564
R,68,*,-0.06200831212465327
D,69,D,0.055108131716275696
D,69,E,0.09628523128463493
D,69,K,-0.1575519446917792
D,69,H,-0.030730080993910995
D,69,R,-0.09813543956460419
D,69,G,0.03431204600662006
D,69,N,0.01915063630273145
D,69,Q,-0.027359203111182645
D,69,A,0.02225227511626178
D,69,S,-0.02458781972209556
D,69,T,-0.03643630787555538
D,69,P,0.02855253498586591
D,69,C,5.926974514094407e-4
D,69,V,0.027031970948909002
D,69,Y,-0.0062638080932802594
D,69,M,-0.14932658156147535
D,69,I,0.1940802648614266
D,69,L,-0.012752811804387075
D,69,F,-0.23325022147100533
D,69,W,-0.03562725318200786
D,69,*,-0.12665931598108407
Q,70,D,0.15487054092987376
Q,70,E,0.0859095236580108
Q,70,K,-0.0517395357262943
Q,70,H,0.01932881675255052
Q,70,R,-0.05946767045803368
Q,70,G,0.02948901237906307
Q,70,N,-0.08920641306882769
Q,70,Q,0.055108131716275696
Q,70,A,-0.028028269317942417
Q,70,S,-0.06927456508756413
Q,70,T,0.046063378995425834
Q,70,P,0.002429389530572857
Q,70,C,-0.020091129677642126
Q,70,V,-0.02317503333127529
Q,70,Y,-0.18135566517168905
Q,70,M,0.11100236180549401
Q,70,I,0.02531930424192308
Q,70,L,-0.10052991922677257
Q,70,F,-0.08586055510995394
Q,70,W,-0.08356040236452444
Q,70,*,0.0019354066573403599
Y,71,D,-0.016958437369631256
Y,71,E,-0.12079320799545304
Y,71,K,-0.24877075679862426
Y,71,H,0.09585221998852747
Y,71,R,-0.03761133089389183
Y,71,G,-0.05730538900811087
Y,71,N,0.15696377139083348
Y,71,Q,0.002292851246990177
Y,71,A,0.10977008878313488
Y,71,S,-0.039913238269267376
Y,71,T,0.07462556348327708
Y,71,P,-0.021850822268884455
Y,71,C,0.06241561522898219
Y,71,V,0.01539513289354921
Y,71,Y,0.055108131716275696
Y,71,M,-0.05756792789927215
Y,71,I,0.08576809823381992
Y,71,L,0.08948003403115204
Y,71,F,-0.035931781124485224
Y,71,W,0.014843483038177424
Y,71,*,0.01054356759976421
M,72,D,-0.013355971231495654
M,72,E,-0.11379499719525218
M,72,K,-0.01373948861418451
M,72,H,-0.057456624255946456
M,72,R,-0.0496288224906332
M,72,G,0.02338710801584503
M,72,N,-0.02522490937252437
M,72,Q,0.07349857918897683
M,72,A,0.019697377163880897
M,72,S,-0.1665794510841835
M,72,T,-0.11135772250753688
M,72,P,0.05338788718294318
M,72,C,0.05325889962931024
M,72,V,0.04109041029332813
M,72,Y,-0.07734523556911596
M,72,M,0.055108131716275696
M,72,I,-0.01622448536485429
M,72,L,0.025925682711708163
M,72,F,-0.10202612404942597
M,72,W,0.10817181616163156
M,72,*,-0.15778814696193072
R,73,D,0.011298333088124696
R,73,E,-0.0491519540495056
R,73,K,0.025544038224161
R,73,H,0.024036856934748944
R,73,R,0.053862224649666605
R,73,G,0.05871251786589613
R,73,N,0.3363951532338103
R,73,Q,-0.020794865170812506
R,73,A,0.057894656746650335
R,73,S,0.06678118143396455
R,73,T,0.011722388206862475
R,73,P,0.06555976914833787
R,73,C,0.0087545363787585
R,73,V,-0.08580117352945277
R,73,Y,-0.07940807552912134
R,73,M,0.06560384758401959
R,73,I,0.00913727350755416
R,73,L,-0.00142762438934671
R,73,F,0.18990071324275465
R,73,W,-0.08291115597755472
R,73,*,-0.0043576717347597604
T,74,D,-0.09130456958846747
T,74,E,0.026782603822846494
T,74,K,-0.007146246420964286
T,74,H,0.03632098617929296
T,74,R,7.783367657495793e-4
T,74,G,0.039783965213177425
T,74,N,0.07969907058044894
T,74,Q,-0.07083259068984735
T,74,A,-0.026480503265497078
T,74,S,0.08368528881346643
T,74,T,0.08759238150681303
T,74,P,0.01868334678849551
T,74,C,0.10476423945863705
T,74,V,-0.05921995692971807
T,74,Y,-0.20399497913535838
T,74,M,0.2115159883465363
T,74,I,0.09752691909240459
T,74,L,0.015569710602130298
T,74,F,-0.14028890576711775
T,74,W,0.11975009952578874
T,74,*,-0.017892386731210186
G,75,D,-0.1886342313443949
G,75,E,0.038961973194858036
G,75,K,-0.012675054623542122
G,75,H,-0.13059421271475047
G,75,R,-0.016887622731218042
G,75,G,-0.009196482155127545
G,75,N,-0.05890048292329434
G,75,Q,0.14460166704528143
G,75,A,-0.03813620037754103
G,75,S,-0.0553370811265976
G,75,T,-0.04739014891766373
G,75,P,0.09689894572689677
G,75,C,-0.06701502033943549
G,75,V,0.1013315963960805
G,75,Y,-0.2041499856067836
G,75,M,-0.19212123190055597
G,75,I,-0.09144074670429367
G,75,L,-0.03192120905422707
G,75,F,-0.021984055279834568
G,75,W,9.2657437575981e-4
G,75,*,-0.09179495695130592
E,76,D,0.06537220488972201
E,76,E,0.055108131716275696
E,76,K,0.07765556386180192
E,76,H,0.009468249741828864
E,76,R,-0.1295763058311929
E,76,G,-0.04357527076082274
E,76,N,0.1184029440869872
E,76,Q,-0.03213538559921117
E,76,A,0.005037865946332395
E,76,S,-0.07030808518108675
E,76,T,-0.05808904346691009
E,76,P,-0.03379867761890833
E,76,C,0.19946141723722263
E,76,V,-0.061561344208507
E,76,Y,0.12067017808295089
E,76,M,0.017530468475926538
E,76,I,0.20863267957040998
E,76,L,0.012727333808175034
E,76,F,0.01447335929560073
E,76,W,0.18890425030515762
E,76,*,-0.019953273883507545
G,77,D,0.04487863305906759
G,77,E,0.057159442878497516
G,77,K,-0.12472846004773913
G,77,H,-0.013461829404736496
G,77,R,-0.10412907754560559
G,77,G,0.07674045808366506
G,77,N,-0.15973951022973126
G,77,Q,-0.054602760799955095
G,77,A,0.038582140614091015
G,77,S,-0.007050207993517
G,77,T,-0.002687470048901606
G,77,P,0.057395407220582714
G,77,C,0.33594887168191123
G,77,V,0.05841653237625618
G,77,Y,-0.00440249309164073
G,77,M,-0.02929510786496624
G,77,I,-0.06530094412696806
G,77,L,0.028677038040478883
G,77,F,-0.06626709532246419
G,77,W,0.11964530264886133
G,77,*,-0.003858190244009567
F,78,D,-0.12039044036075319
F,78,E,-0.10703357611034443
F,78,K,0.01695086716397056
F,78,H,0.16853293560617602
F,78,R,-0.0745966968051762
F,78,G,0.06261397464041346
F,78,N,-0.20776113426404375
F,78,Q,-0.19288675363488691
F,78,A,0.07302964050669927
F,78,S,-0.13084384252078568
F,78,T,-0.05133250013028339
F,78,P,-0.07102644326179115
F,78,C,-0.06767493211943973
F,78,V,-0.09439778237891772
F,78,Y,0.056148060009182564
F,78,M,-0.14207115612499802
F,78,I,-0.12647004812165216
F,78,L,0.018813189425377397
F,78,F,0.055108131716275696
F,78,W,0.05930017683377206
F,78,*,-0.16113980204821898
L,79,D,-0.1020838195917918
L,79,E,-0.025662914912543244
L,79,K,0.008383148075296571
L,79,H,-0.08498689067807527
L,79,R,0.03015377274423043
L,79,G,-0.11366188184231776
L,79,N,-0.1364126422594881
L,79,Q,-0.21869149676817087
L,79,A,-0.026908930948468166
L,79,S,0.015460844380316805
L,79,T,-0.010536488380954528
L,79,P,-0.06342544585714653
L,79,C,0.20227083140988833
L,79,V,-0.021517296665194977
L,79,Y,-0.21204406931246456
L,79,M,0.002381173048449998
L,79,I,-0.047225566318649284
L,79,L,0.01040548339069075
L,79,F,-0.1522864701044736
L,79,W,0.31977250829174175
L,79,*,-0.15035833654794967
C,80,D,-0.0710243450786123
C,80,E,-0.00750439510386653
C,80,K,-0.0034430073225627904
C,80,H,0.016564631993468498
C,80,R,-0.07456100765354551
C,80,G,0.004935603639487099
C,80,N,-0.16134308787975477
C,80,Q,-0.024394918496873336
C,80,A,-0.007281704554529145
C,80,S,0.020696366496834033
C,80,T,0.05791446939128962
C,80,P,-0.004209697021488969
C,80,C,0.08399611986472724
C,80,V,0.13533260221711502
C,80,Y,-0.0079047370971067
C,80,M,-0.09441585063871834
C,80,I,-0.042618727333690334
C,80,L,-0.03552000358157134
C,80,F,-0.002499411984985947
C,80,W,0.08829159853260393
C,80,*,-0.29480062406900587
V,81,D,-0.14267540602718556
V,81,E,-0.08255078659749368
V,81,K,-0.07164574093977114
V,81,H,-0.023173591599619008
V,81,R,-0.0367552480711011
V,81,G,-0.018341195214561352
V,81,N,-0.10465778412645785
V,81,Q,0.002964806925514353
V,81,A,0.014132511873314931
V,81,S,0.05022859053540962
V,81,T,0.02977005335799759
V,81,P,-0.026988826620823782
V,81,C,-0.10603849725579965
V,81,V,0.005615806311255252
V,81,Y,-0.1355357245869651
V,81,M,0.001595563832947254
V,81,I,0.09822999629401921
V,81,L,0.0439212267361167
V,81,F,0.28583467403685264
V,81,W,-0.03150830204263467
V,81,*,-0.3319291025876072
F,82,D,0.08786083521273107
F,82,E,-0.1370152897622564
F,82,K,-0.3240106682435152
F,82,H,0.03641072394681692
F,82,R,-0.02267904792011038
F,82,G,0.054785146953268554
F,82,N,-0.03625005141588502
F,82,Q,-0.13771906211594798
F,82,A,-0.024657479588999297
F,82,S,-0.055194451142939346
F,82,T,0.03291204882948201
F,82,P,-0.052763777909092646
F,82,C,-0.06345928235580747
F,82,V,0.03478428515431588
F,82,Y,0.08239422209534375
F,82,M,-0.11366809779628961
F,82,I,-0.12428519584541653
F,82,L,-0.0843251114142399
F,82,F,0.023695448043337206
F,82,W,-0.023959254335646066
F,82,*,0.017552374497099163
A,83,D,0.10534101947988553
A,83,E,-0.05294985195929883
A,83,K,0.3943217560132378
A,83,H,0.4463110003762375
A,83,R,-0.019804973984952394
A,83,G,0.09281255167024094
A,83,N,0.3096181733689757
A,83,Q,0.03344994221618815
A,83,A,0.024616384342320864
A,83,S,0.015872771539037926
A,83,T,0.006171293765095821
A,83,P,0.03066449884936802
A,83,C,0.10816372858835693
A,83,V,0.31320750450905277
A,83,Y,-0.01076702973184903
A,83,M,0.018556103961075623
A,83,I,0.03423841407886595
A,83,L,-0.0073153910075248185
A,83,F,0.09236201791381872
A,83,W,-0.12166869938152894
A,83,*,-0.2735828689453029
I,84,D,0.1523176372657107
I,84,E,-0.02318184917405037
I,84,K,-0.013629807904200505
I,84,H,0.17814010392279694
I,84,R,0.10473065547249293
I,84,G,0.19278613774323547
I,84,N,0.053150347115078225
I,84,Q,-0.00665377542726643
I,84,A,0.09996261729128639
I,84,S,0.10769077493295776
I,84,T,0.08838022062820747
I,84,P,0.4242379614135525
I,84,C,0.22314503357255658
I,84,V,0.04190653126094611
I,84,Y,0.14786966058617293
I,84,M,0.11495120040024637
I,84,I,0.055108131716275696
I,84,L,0.009143438417827152
I,84,F,0.20317873005949239
I,84,W,0.09323446471520914
I,84,*,-0.4025390447688516
N,85,D,-0.02677141569460407
N,85,E,-0.30939304525462497
N,85,K,0.02738148473435505
N,85,H,0.1268304225708565
N,85,R,-0.03924276089876042
N,85,G,0.19273174489405684
N,85,N,0.055108131716275696
N,85,Q,-0.01376111328985534
N,85,A,0.0519016382648526
N,85,S,0.07971175691729605
N,85,T,-0.034465637901168286
N,85,P,0.020016159858714615
N,85,C,-0.010043831808785954
N,85,V,-0.11990314490399115
N,85,Y,0.125356886295867
N,85,M,0.111225964424965
N,85,I,-0.10112007696566902
N,85,L,-0.02545645826430379
N,85,F,0.1476064172687225
N,85,W,0.2582444439476989
N,85,*,-0.1535983313698287
N,86,D,0.014103823038030365
N,86,E,0.03597347260559202
N,86,K,0.04370976703038693
N,86,H,-0.10133160644157205
N,86,R,0.09881603942765263
N,86,G,0.06953909491982194
N,86,N,0.055108131716275696
N,86,Q,-0.19007935935583026
N,86,A,-0.08424205702519919
N,86,S,0.04288921892754967
N,86,T,-0.019030708825762434
N,86,P,0.030306338297365766
N,86,C,-0.1329654883367421
N,86,V,-0.08062206241970013
N,86,Y,0.0046356994397246006
N,86,M,0.02491035166507683
N,86,I,-0.052206485424191616
N,86,L,-0.08149335433027027
N,86,F,0.05101415403735546
N,86,W,0.07576299685719244
N,86,*,-0.10898288119961433
T,87,D,-0.08883277118379089
T,87,E,0.11643109001747226
T,87,K,0.09735913420687727
T,87,H,-0.03170643720534697
T,87,R,-0.017252723606834806
T,87,G,0.0180664661020835
T,87,N,0.06200300310757535
T,87,Q,0.03700433440951841
T,87,A,0.0018423029780601126
T,87,S,-0.023194945167517186
T,87,T,0.08866924542651657
T,87,P,0.10216885466118604
T,87,C,-0.05731433852904036
T,87,V,-0.14409592033591456
T,87,Y,-0.2198572179978175
T,87,M,-0.5052448385052719
T,87,I,0.06382004620976695
T,87,L,-0.10029382212028912
T,87,F,-0.06436222354418342
T,87,W,-0.022803101044407775
T,87,*,-0.4109067827608876
K,88,D,-0.036410671736810625
K,88,E,0.010328344918668238
K,88,K,0.055108131716275696
K,88,H,0.015265755617100876
K,88,R,-0.009411093371165295
K,88,G,0.05990017281037484
K,88,N,0.029706904134264522
K,88,Q,0.10568226667263855
K,88,A,-0.04657305615032474
K,88,S,0.03466329311818843
K,88,T,0.015638995439844948
K,88,P,-0.03108730738158376
K,88,C,-0.016287108492176704
K,88,V,-0.0804883470215361
K,88,Y,0.1459753553784894
K,88,M,0.03052925423842353
K,88,I,0.007364479875830027
K,88,L,0.033379966688075635
K,88,F,-0.1670679455072692
K,88,W,-0.15536428578995765
K,88,*,-0.1534582426226857
S,89,D,-0.1243902958659171
S,89,E,-0.17315939235089808
S,89,K,-0.024713718357230338
S,89,H,0.01128978317817211
S,89,R,-0.01489373096256337
S,89,G,-5.453686172020439e-4
S,89,N,-0.06945409646962483
S,89,Q,0.1550393570532052
S,89,A,-0.07424740198572174
S,89,S,-7.990993288576505e-4
S,89,T,-0.09162420309330856
S,89,P,-0.01306824476044711
S,89,C,-0.02479006025859193
S,89,V,-0.12495399222854486
S,89,Y,-0.09909735866163015
S,89,M,-0.04870192049909952
S,89,I,-0.042295752765914296
S,89,L,-0.18449136090817542
S,89,F,-0.05129390933072283
S,89,W,-0.09997996549931928
S,89,*,-0.27567624278136205
F,90,D,-0.08749305574838624
F,90,E,0.0106006450554402
F,90,K,0.07406430514753626
F,90,H,-0.0697470335178906
F,90,R,-0.013651188303853111
F,90,G,-0.0020349875419980804
F,90,N,-0.0816640852322259
F,90,Q,-0.02799703746696025
F,90,A,0.11205598792031429
F,90,S,-0.07840268853727264
F,90,T,-0.0652323710649515
F,90,P,0.004396526273657733
F,90,C,-0.01955511285524566
F,90,V,-0.09115479917666505
F,90,Y,0.054062374146903874
F,90,M,-0.009626770496803685
F,90,I,0.004861933819162485
F,90,L,-0.009150832952813609
F,90,F,-0.012526050594420048
F,90,W,0.011969260255647584
F,90,*,-0.08155864649709559
E,91,D,-0.08519702276180528
E,91,E,0.055108131716275696
E,91,K,0.01750322083161233
E,91,H,-0.12613127626552315
E,91,R,0.07831356512277485
E,91,G,0.01315079890991263
E,91,N,-0.009824307071334484
E,91,Q,0.09586782558549159
E,91,A,-0.02970925662073973
E,91,S,-0.005837974697982111
E,91,T,-0.0803610072910255
E,91,P,-0.07812306943921962
E,91,C,-0.01878920277979846
E,91,V,-0.022012934652004646
E,91,Y,-0.11323749670507913
E,91,M,-0.15320548358283692
E,91,I,0.1674040082693249
E,91,L,-0.1042258300068713
E,91,F,-0.22684025774236094
E,91,W,-0.03981667047011337
E,91,*,0.06841795077271537
D,92,D,0.055108131716275696
D,92,E,0.18624723958820408
D,92,K,0.09634998793415606
D,92,H,0.09338530770621913
D,92,R,0.05953018914663212
D,92,G,0.03574241153149739
D,92,N,-0.12225890748674613
D,92,Q,0.09873994274434456
D,92,A,-0.04457783980571945
D,92,S,0.029969904656570956
D,92,T,0.041200938941654566
D,92,P,-0.02512674308747834
D,92,C,0.05408330510934932
D,92,V,-0.009934290981213935
D,92,Y,0.09679448627735754
D,92,M,0.30918485374369314
D,92,I,0.03817098197450234
D,92,L,0.042443547549459046
D,92,F,0.003881950986455239
D,92,W,0.1138946252273573
D,92,*,-0.1680447288685284
I,93,D,0.006720159222638182
I,93,E,0.09574189305084163
I,93,K,-0.017643960392392896
I,93,H,-0.12429379127671326
I,93,R,-0.11099524319121297
I,93,G,0.045891502446836374
I,93,N,-0.015418448070686843
I,93,Q,-0.14381969247180568
I,93,A,0.02588574557507124
I,93,S,-0.043789591546103755
I,93,T,0.06237849566503573
I,93,P,0.005960980321898275
I,93,C,-0.04830661964701875
I,93,V,-0.01984339599664099
I,93,Y,-0.13429131205853526
I,93,M,0.06885172407718154
I,93,I,0.055108131716275696
I,93,L,0.054987754660961057
I,93,F,-0.013529725037576382
I,93,W,-0.18263222278330285
I,93,*,-0.08642257952843613
H,94,D,0.1990429175559442
H,94,E,-0.07664321771408711
H,94,K,0.04828663399325656
H,94,H,0.055108131716275696
H,94,R,-0.06876167357548256
H,94,G,0.014737481209913729
H,94,N,-0.0057542287136268105
H,94,Q,-0.17363044923500376
H,94,A,0.057927988560171895
H,94,S,-0.06366142379828083
H,94,T,-0.06367927197705865
H,94,P,0.06970179699179252
H,94,C,-0.0653138704439313
H,94,V,-0.1044066091614315
H,94,Y,-0.03551910932664422
H,94,M,0.007379343760998067
H,94,I,-0.14028983884352011
H,94,L,0.005721501337581168
H,94,F,0.1080168977934221
H,94,W,0.04022739694708691
H,94,*,-0.21454549125350492
Q,95,D,-0.0653879337690449
Q,95,E,-0.11606240117707366
Q,95,K,0.07853963015782922
Q,95,H,0.04078960822005266
Q,95,R,0.025984983715560423
Q,95,G,-0.0252520083515477
Q,95,N,-0.05136186364684796
Q,95,Q,0.055108131716275696
Q,95,A,-0.07359829621469985
Q,95,S,0.028481289811978838
Q,95,T,0.02891772562161541
Q,95,P,-0.0029895793982106346
Q,95,C,-0.01298861744128941
Q,95,V,-0.0675480794565444
Q,95,Y,-0.07156678643688892
Q,95,M,0.009070293227972663
Q,95,I,0.09166836246992527
Q,95,L,0.015066546189441279
Q,95,F,-0.003028937521437791
Q,95,W,0.1104466266896019
Q,95,*,0.032006416138865665
Y,96,D,0.07034127183735142
Y,96,E,0.07770587999038614
Y,96,K,-0.06547858707950205
Y,96,H,-0.0194615256697523
Y,96,R,0.018587276117441195
Y,96,G,-0.02354266669112096
Y,96,N,0.07575487849841361
Y,96,Q,-0.030779763438968228
Y,96,A,0.0541246326813571
Y,96,S,0.09817781105723689
Y,96,T,0.07538314005520587
Y,96,P,0.04375456345491614
Y,96,C,0.03532930881778737
Y,96,V,0.08765947046863436
Y,96,Y,0.055108131716275696
Y,96,M,0.10452216162386989
Y,96,I,0.00313054344328202
Y,96,L,-0.013654867774603464
Y,96,F,-0.014858159607978524
Y,96,W,0.06076671958649535
Y,96,*,-0.013502967089993108
R,97,D,-0.07842585449162894
R,97,E,0.03760397755949412
R,97,K,-0.008899865492975504
R,97,H,-0.04523492134819226
R,97,R,0.022096103847725937
R,97,G,0.04740187387730961
R,97,N,-0.0344960712760391
R,97,Q,0.06039676472105008
R,97,A,-0.10037367113598905
R,97,S,-0.018337411179120567
R,97,T,-0.05309526191810175
R,97,P,0.005643566843263073
R,97,C,-0.004806835578331235
R,97,V,-0.08951174741552585
R,97,Y,0.0384775321721791
R,97,M,0.024561945631147945
R,97,I,-0.018787545036669996
R,97,L,0.056461309220879684
R,97,F,-0.06786835556701022
R,97,W,0.08120366030553308
R,97,*,-0.3359760187254238
E,98,D,0.054945685954888225
E,98,E,0.055108131716275696
E,98,K,0.20543084453441643
E,98,H,0.014726381965169667
E,98,R,-0.005643128959989764
E,98,G,0.06844471039538395
E,98,N,0.11381614163481422
E,98,Q,0.1318955421830818
E,98,A,0.0071975819293901774
E,98,S,0.035318646182542004
E,98,T,0.05163061732809087
E,98,P,-0.03246876934454291
E,98,C,-0.009432093424771085
E,98,V,-0.08588133255817615
E,98,Y,0.0662935976298953
E,98,M,-0.08825454407101788
E,98,I,0.11711351083151211
E,98,L,0.058668625346388815
E,98,F,0.13224702155952267
E,98,W,0.08053127859989952
E,98,*,0.04347177382725992
Q,99,D,0.093636952360154
Q,99,E,0.1481836197538118
Q,99,K,0.08499869259873208
Q,99,H,-0.04530186497252044
Q,99,R,0.03864506815599325
Q,99,G,0.07322382287351314
Q,99,N,-0.03014370300172682
Q,99,Q,0.055108131716275696
Q,99,A,0.16500703071972128
Q,99,S,6.322850676316466e-4
Q,99,T,0.16001306364550866
Q,99,P,0.026751679198129676
Q,99,C,0.08694609886350872
Q,99,V,0.07228838381957399
Q,99,Y,-0.02101838444805809
Q,99,M,-0.19614344136230283
Q,99,I,0.2069765219832574
Q,99,L,0.08064551759426286
Q,99,F,0.05303218300882846
Q,99,W,0.1098656969026176
Q,99,*,0.04048551077516588
I,100,D,-0.1569761083091402
I,100,E,-0.024112011455131428
I,100,K,-0.3599219383064554
I,100,H,0.014654468417277855
I,100,R,0.007455610847301604
I,100,G,-0.006880292747866661
I,100,N,-0.07706905986169267
I,100,Q,-0.09749948453790325
I,100,A,-0.028702407464801606
I,100,S,0.00337552011600697
I,100,T,0.041587603345156134
I,100,P,-0.007338557420463465
I,100,C,-0.09349707637441704
I,100,V,-0.018279209038116473
I,100,Y,-0.0492182388798202
I,100,M,0.04373612527268998
I,100,I,0.055108131716275696
I,100,L,-0.056370512624603866
I,100,F,-0.030913055577646547
I,100,W,0.007875014627437421
I,100,*,-0.18541997715690553
K,101,D,-0.06849390560193536
K,101,E,-0.09337262869116286
K,101,K,-0.008823647198155085
K,101,H,-0.1326194710405246
K,101,R,-0.007525055938425954
K,101,G,-0.06100261131897396
K,101,N,-0.05303248850769081
K,101,Q,-0.019987535621496536
K,101,A,0.07473516357770142
K,101,S,-0.07720900717717445
K,101,T,0.06872737095793485
K,101,P,0.006546611696511405
K,101,C,0.0700387211562783
K,101,V,-0.08014401404747186
K,101,Y,-0.06306075036920468
K,101,M,-0.33109716932203304
K,101,I,0.005146422523651604
K,101,L,-0.04705396784193741
K,101,F,0.10516428559150748
K,101,W,-0.05045481325623521
K,101,*,-0.13491705823819974
R,102,D,-0.052412653428515185
R,102,E,0.007188329594370074
R,102,K,-0.12107024024753263
R,102,H,0.01708082769099856
R,102,R,-0.004648301411649085
R,102,G,-0.01439955250732309
R,102,N,-0.08960697323675071
R,102,Q,0.0924200509558962
R,102,A,0.050880155820729064
R,102,S,-0.025129801353713017
R,102,T,0.06844013148754773
R,102,P,-0.02916751634473659
R,102,C,-0.037961595557054424
R,102,V,-0.24245308539822308
R,102,Y,0.04693959755974683
R,102,M,0.1723823603667385
R,102,I,-0.0498601076171296
R,102,L,0.05306063734594231
R,102,F,0.01048267767998623
R,102,W,0.052013973497769816
R,102,*,-0.3388314348372328
V,103,D,0.04852497059781609
V,103,E,0.0636506851243461
V,103,K,-0.18526664106808424
V,103,H,0.00830167814300274
V,103,R,-0.06746340298013284
V,103,G,0.016249166389846817
V,103,N,-0.0928953431859553
V,103,Q,-0.09241561908947539
V,103,A,0.03570923247644578
V,103,S,0.004572245386802842
V,103,T,-0.021451753387686776
V,103,P,-0.08332019515694081
V,103,C,0.05737960869929848
V,103,V,0.018284689709542244
V,103,Y,0.07764124532872105
V,103,M,-0.008939715523872984
V,103,I,-0.12175922908014536
V,103,L,-0.0584766307179717
V,103,F,-0.12847087838606294
V,103,W,-0.026343349725720173
V,103,*,-0.2827943647905637
K,104,D,0.0691311158720782
K,104,E,0.08271870143049867
K,104,K,0.055108131716275696
K,104,H,0.06993160679013637
K,104,R,-0.02695389750947614
K,104,G,-0.00586736273809962
K,104,N,-0.11111889800629647
K,104,Q,-0.028525453196126753
K,104,A,0.07955729899539388
K,104,S,0.10038641921251043
K,104,T,-0.04057057993861872
K,104,P,-0.015782091136013855
K,104,C,0.00902178729669489
K,104,V,0.10940145327111533
K,104,Y,0.08894670758899503
K,104,M,0.11853598574415905
K,104,I,0.024531761514361924
K,104,L,0.03312954645629886
K,104,F,0.03902112590199787
K,104,W,0.1297676119351358
K,104,*,0.06904631565579408
D,105,D,0.055108131716275696
D,105,E,-0.00508747984130839
D,105,K,0.005631543372964988
D,105,H,0.14097737068946972
D,105,R,-0.06898071081263099
D,105,G,0.019749353032031666
D,105,N,-0.0021385178399296904
D,105,Q,-0.0022427355544459293
D,105,A,0.0037838650721365545
D,105,S,0.020006862437799457
D,105,T,0.010496260226659747
D,105,P,-0.01905677411666792
D,105,C,0.0033791813197768562
D,105,V,-0.04311931603026981
D,105,Y,0.1004673940136547
D,105,M,0.014986732242084161
D,105,I,0.07984876186927353
D,105,L,0.07203591593286734
D,105,F,-0.050451300745820986
D,105,W,-0.14409315505478076
D,105,*,-7.142111335773221e-4
S,106,D,6.293191979373641e-4
S,106,E,-0.032294122400815674
S,106,K,-0.02193139481279057
S,106,H,-0.04005402038019766
S,106,R,0.0245256979578855
S,106,G,-0.010119172941008576
S,106,N,-0.01919370119281577
S,106,Q,0.09010839578295707
S,106,A,0.01270057602196063
S,106,S,0.049193643939368446
S,106,T,0.01941232175249042
S,106,P,0.02435497548966633
S,106,C,0.08945177073450401
S,106,V,0.01339611297890795
S,106,Y,0.035103034214643586
S,106,M,0.0531395414657386
S,106,I,-0.0892470756792347
S,106,L,-0.04461175417551905
S,106,F,-0.13317809068499048
S,106,W,-0.011701845367113363
S,106,*,-0.01675184332990739
D,107,D,-0.008845403486151676
D,107,E,-0.008420338261535706
D,107,K,0.08029970261685851
D,107,H,-0.04187427749373638
D,107,R,-0.11232202604412235
D,107,G,-0.018864728224629257
D,107,N,0.10213420089828149
D,107,Q,0.1502039765288428
D,107,A,-0.15776798956683752
D,107,S,-0.06267863179814459
D,107,T,-0.014503232530687957
D,107,P,-0.0035513796527512544
D,107,C,-0.2156313392550721
D,107,V,0.06311370973116867
D,107,Y,0.11762529594908978
D,107,M,-0.11983105285237229
D,107,I,-0.010435478326024993
D,107,L,-0.17269179719294325
D,107,F,-0.0592833308814622
D,107,W,-0.19742672047527987
D,107,*,-0.2914760440990969
D,108,D,0.055108131716275696
D,108,E,-0.005965507514306648
D,108,K,-0.19233446271014237
D,108,H,-0.05427682858915281
D,108,R,0.07745586136384666
D,108,G,0.012702468880130293
D,108,N,-0.04039224218315189
D,108,Q,-0.006709463644067756
D,108,A,0.07739210695908239
D,108,S,0.03185456924201513
D,108,T,-0.002585806417577427
D,108,P,0.07850594771353196
D,108,C,0.08434815595427463
D,108,V,0.05643835437505188
D,108,Y,-0.004406188339481355
D,108,M,-0.05300080972926767
D,108,I,-0.008533746023557637
D,108,L,-0.11768346052344171
D,108,F,0.08796411138069556
D,108,W,-0.1439029869552828
D,108,*,-0.16096279676597774
V,109,D,-0.05720477928828872
V,109,E,0.02371028270026901
V,109,K,-0.1498463211558395
V,109,H,-0.10809750059648719
V,109,R,-0.06473075475182458
V,109,G,0.008144546405048766
V,109,N,-0.18336924034681668
V,109,Q,-0.0171941937748212
V,109,A,0.02047632619969218
V,109,S,-0.07889027455052539
V,109,T,-0.010339260573148504
V,109,P,0.02918536674061132
V,109,C,0.024243552815889767
V,109,V,0.00620908489443345
V,109,Y,0.0730903568478333
V,109,M,0.014790370002407814
V,109,I,0.030217526960495567
V,109,L,-0.021755381716891613
V,109,F,-0.04797647190484415
V,109,W,-0.0978348947510197
V,109,*,-0.23091439947477757
P,110,D,-0.022595516589394155
P,110,E,-0.2500996894216108
P,110,K,-0.15113415528371044
P,110,H,0.027969747210092266
P,110,R,-0.06751227909265761
P,110,G,0.01084080430963098
P,110,N,-0.24341314263110847
P,110,Q,-0.05942706142113106
P,110,A,-0.009033377342418875
P,110,S,-0.043505921485645235
P,110,T,-0.015830869887652498
P,110,P,0.04398011971579592
P,110,C,0.044500996983069516
P,110,V,0.015129170718399367
P,110,Y,-0.04234837190931883
P,110,M,-0.2257513246105319
P,110,I,-0.175883081169076
P,110,L,-0.05823568634577232
P,110,F,-0.06778019845615126
P,110,W,-0.015276070262788197
P,110,*,0.05735350186038196
M,111,D,-0.0401916762378894
M,111,E,0.19565691123456463
M,111,K,-0.0858388107343406
M,111,H,-0.026478844420689922
M,111,R,0.017385283494873158
M,111,G,-0.07495804375400908
M,111,N,-0.04371317829048536
M,111,Q,-0.009426016300804946
M,111,A,0.07651878130370841
M,111,S,0.0664023351267971
M,111,T,0.05451081330700869
M,111,P,-0.03261140585648799
M,111,C,0.09623891067456576
M,111,V,0.022138290419227245
M,111,Y,-0.05357547494193918
M,111,M,0.055108131716275696
M,111,I,3.392481237137011e-5
M,111,L,0.02781394437064456
M,111,F,-0.09664044693936413
M,111,W,-0.06840509097756232
M,111,*,-0.026586219588634358
V,112,D,0.13169766681054124
V,112,E,-0.1888418042342287
V,112,K,0.02226500941578336
V,112,H,-0.15980294395082334
V,112,R,-0.06595631923378595
V,112,G,0.03512361757145721
V,112,N,-0.06502287414405186
V,112,Q,-0.06511192192931933
V,112,A,-0.005809127965300175
V,112,S,-0.4346482464438739
V,112,T,0.04905440872168392
V,112,P,-0.21728709458127637
V,112,C,0.05786671658047979
V,112,V,-0.001154622075399035
V,112,Y,-0.10836270568241792
V,112,M,-0.14220893720598865
V,112,I,-0.12309657998176166
V,112,L,-0.05375070216153558
V,112,F,-0.2676351120662409
V,112,W,0.10338073694004786
V,112,*,-0.7804986442264712
L,113,D,-0.14768673907360716
L,113,E,-0.34820071126848895
L,113,K,-0.38786934177043564
L,113,H,-0.1367939001310049
L,113,R,-0.11060106102176379
L,113,G,-0.08211613699576732
L,113,N,-0.20628597184316327
L,113,Q,0.029539920470193593
L,113,A,-0.40629295584826397
L,113,S,-0.027334303628648447
L,113,T,-0.14360315359661274
L,113,P,-0.0850043522894581
L,113,C,-0.1509653557764494
L,113,V,-0.02261140311851354
L,113,Y,-0.16398169054971046
L,113,M,0.07205780993976804
L,113,I,3.379105092521234e-4
L,113,L,-0.06105308658566204
L,113,F,-0.15109108103342664
L,113,W,-0.046216899723972284
L,113,*,-0.22501117667262663
V,114,D,-0.03714603310585111
V,114,E,-0.037083548997034824
V,114,K,-0.2499014042231532
V,114,H,-0.08398210662548439
V,114,R,-0.001628441357693862
V,114,G,-0.036568583265348134
V,114,N,-0.12392395413998968
V,114,Q,-0.028290845841248233
V,114,A,-0.00326707096993394
V,114,S,-0.04469582857708662
V,114,T,-0.2992861446355926
V,114,P,-0.10564438138986118
V,114,C,0.1742021295895116
V,114,V,-0.0720920423787536
V,114,Y,0.022600959484076755
V,114,M,-0.2792664989340504
V,114,I,0.12237401637576661
V,114,L,5.231475463183186e-4
V,114,F,-0.08828994138247225
V,114,W,-0.18266962582163596
V,114,*,-0.4230470346347253
G,115,D,-0.015815477626272417
G,115,E,0.005895968466664167
G,115,K,-0.030354390647918186
G,115,H,-0.11578216475664957
G,115,R,-0.07841425099996273
G,115,G,0.002998604974008885
G,115,N,-0.07435265008259616
G,115,Q,-0.19898275519543052
G,115,A,-0.0030809396093511654
G,115,S,-0.0393884152104049
G,115,T,0.03535453626539889
G,115,P,0.05305642713424194
G,115,C,0.007257889137566385
G,115,V,-0.07346403724192445
G,115,Y,-0.05865571596923951
G,115,M,-0.03629798574230779
G,115,I,-0.024494606201064396
G,115,L,0.0757430462410634
G,115,F,0.02377147256517094
G,115,W,-0.06426507821066559
G,115,*,-0.19290723978867352
N,116,D,-0.02821535266996915
N,116,E,-0.0204238018667421
N,116,K,0.1647886840033591
N,116,H,0.3718065895326123
N,116,R,-0.13699889107960844
N,116,G,0.17193460649779568
N,116,N,0.011869075376505478
N,116,Q,-0.08705650071235141
N,116,A,0.04259211837991249
N,116,S,0.10938298471797366
N,116,T,0.19145836301747673
N,116,P,-0.05690737802758404
N,116,C,0.38149624202716387
N,116,V,0.4749234327412913
N,116,Y,-0.13006988855268617
N,116,M,0.4092340927673157
N,116,I,0.585438201611378
N,116,L,0.4871556577276612
N,116,F,0.015839509400088214
N,116,W,-0.42073436767447825
N,116,*,0.11903711926965949
K,117,D,0.6032028768521926
K,117,E,0.3805293006233775
K,117,K,0.011869075376505478
K,117,H,0.5076724877990806
K,117,R,0.45424870245070825
K,117,G,0.46125801519956877
K,117,N,0.471764335121007
K,117,Q,0.16345730315775855
K,117,A,0.4334532566360041
K,117,S,0.4789680314235777
K,117,T,0.5347619360237872
K,117,P,0.010244859455025644
K,117,C,0.45815779000617696
K,117,V,0.4107271369985144
K,117,Y,0.5025145058655129
K,117,M,0.18674753868512461
K,117,I,0.43639111666535035
K,117,L,0.4796812844017798
K,117,F,0.49827239250613375
K,117,W,0.4166132667208923
K,117,*,0.01786122622764648
C,118,D,-0.07423925677809744
C,118,E,-0.06765114845995888
C,118,K,0.08413228102068782
C,118,H,0.06096504838840448
C,118,R,-0.04326986650060512
C,118,G,-0.10800721090102008
C,118,N,-0.13872127300688245
C,118,Q,0.017501048368143424
C,118,A,-0.017275497035881746
C,118,S,-0.0057080822330783515
C,118,T,0.021544007008073466
C,118,P,0.4247559996543054
C,118,C,-0.04774535092167684
C,118,V,-0.09748722180545251
C,118,Y,-0.028289431962793803
C,118,M,-0.09153949062262477
C,118,I,-0.13617476091062747
C,118,L,-0.1392755302268851
C,118,F,0.05041552026883234
C,118,W,-0.11862448323364155
C,118,*,-0.29697068187241193
D,119,D,0.011869075376505478
D,119,E,0.2903866070154556
D,119,K,0.25475717160225675
D,119,H,0.47873952628630706
D,119,R,0.4018210359128239
D,119,G,0.4649299879365681
D,119,N,0.4053742693901339
D,119,Q,0.5768657007657806
D,119,A,0.4226877840832413
D,119,S,0.435091212162805
D,119,T,0.46396566852513343
D,119,P,0.04909593068949858
D,119,C,0.42285760032534725
D,119,V,0.036794770708505675
D,119,Y,0.20244195117258035
D,119,M,0.5240204596059368
D,119,I,0.10267796416903076
D,119,L,0.5040565678644777
D,119,F,0.14786322778086863
D,119,W,-0.02141750639026853
D,119,*,-6.767803649089521e-6
L,120,D,0.010210269655016105
L,120,E,-0.07218001413545654
L,120,K,0.01836890574739688
L,120,H,0.16097512994192248
L,120,R,0.22076931191026028
L,120,G,0.3291570894787458
L,120,N,0.23965007871968985
L,120,Q,0.1580823739624409
L,120,A,0.11539174220855053
L,120,S,0.14715278142547014
L,120,T,0.08974987480213212
L,120,P,0.43777433979041747
L,120,C,-0.07840214798798875
L,120,V,0.0805912633867275
L,120,Y,0.1759496686095696
L,120,M,-0.051881224206763554
L,120,I,-0.0021848231653011398
L,120,L,-0.006296970626634292
L,120,F,-8.467865594181528e-4
L,120,W,0.07431036076884664
L,120,*,-0.3328460412776978
A,121,D,-0.07526832439406889
A,121,E,0.028855241780114657
A,121,K,0.19354446480892268
A,121,H,0.030909139580633852
A,121,R,0.02486955343241512
A,121,G,0.04628098015760515
A,121,N,-0.1078565382370305
A,121,Q,-0.14632369065454096
A,121,A,0.05823180062128683
A,121,S,-0.0013311342360404904
A,121,T,-0.001270664003073652
A,121,P,0.0755860153652504
A,121,C,-0.05773378436513698
A,121,V,-0.04416853171160934
A,121,Y,-0.07298448882464006
A,121,M,-0.1579567606260488
A,121,I,-0.1374179797374248
A,121,L,-0.02366210374235735
A,121,F,0.0012005770117358427
A,121,W,-0.10416662655275871
A,121,*,-0.13083979041971322
A,122,D,0.052282166170578494
A,122,E,-0.06277718372200522
A,122,K,-0.09191258374672462
A,122,H,0.006273085644699701
A,122,R,0.00547917246338094
A,122,G,-0.07673034002262476
A,122,N,-0.16936275442359622
A,122,Q,-0.06415076434172684
A,122,A,-0.016577374268301946
A,122,S,-0.13912297397454473
A,122,T,0.0685928142557593
A,122,P,-0.04026749525345592
A,122,C,-0.15008043892870224
A,122,V,-0.07260457540166924
A,122,Y,0.00324294858582546
A,122,M,0.005667146600262442
A,122,I,0.032019254941978534
A,122,L,-0.13628375862826655
A,122,F,0.09048889430912296
A,122,W,0.12199465697362688
A,122,*,-0.217287734288105
R,123,D,0.010077195068784517
R,123,E,-0.0759796705930052
R,123,K,0.09098713935681398
R,123,H,0.012454954125562759
R,123,R,-0.03188363867710894
R,123,G,-0.04674172980580774
R,123,N,-0.13892216599377294
R,123,Q,0.005950417282734662
R,123,A,0.023872590417391953
R,123,S,-0.03980164118422555
R,123,T,-0.031560107165532966
R,123,P,0.02342468427179542
R,123,C,-0.034518201858661474
R,123,V,-0.1394296798037381
R,123,Y,-0.06361770643557205
R,123,M,-0.037352518616588656
R,123,I,-0.2136075179889038
R,123,L,-0.1394541264190856
R,123,F,0.0279838472178403
R,123,W,-0.00518695485780046
R,123,*,-0.2539024217656278
T,124,D,-0.2712798682410018
T,124,E,-0.04743415403313081
T,124,K,-0.2341021400991741
T,124,H,0.1312584475149463
T,124,R,-0.17467128661770673
T,124,G,0.05201971196832158
T,124,N,-0.1111286042936511
T,124,Q,-0.014137868592340199
T,124,A,-0.041417992460187306
T,124,S,0.008342012642989272
T,124,T,-0.06521859682036824
T,124,P,-0.02737608030647395
T,124,C,-0.08696313300287922
T,124,V,-0.0861096605990305
T,124,Y,-0.021228333158265972
T,124,M,-0.16647590856962352
T,124,I,-0.24730787903046147
T,124,L,0.021653601370481675
T,124,F,-0.07839939581838373
T,124,W,0.10087726822136142
T,124,*,-0.12175280057085645
V,125,D,-0.005646862891948358
V,125,E,0.03662287998899937
V,125,K,-0.02634465687285706
V,125,H,-0.16628132792940553
V,125,R,-0.10310649364728902
V,125,G,0.05031900780984313
V,125,N,-0.14895697164043875
V,125,Q,-0.06212137858438267
V,125,A,-0.05308711601979839
V,125,S,-0.017409252415425167
V,125,T,-0.11215110962212937
V,125,P,-0.054276802742350486
V,125,C,-0.12750612879183068
V,125,V,-0.034914285891665967
V,125,Y,0.1498301175175917
V,125,M,-0.1035339497175156
V,125,I,-0.24821119531125424
V,125,L,-0.03802566620444844
V,125,F,-0.011007528127447
V,125,W,-0.12107016960253496
V,125,*,-0.006116340981390061
E,126,D,-0.050723808893080084
E,126,E,-0.12658410880340606
E,126,K,-0.1259774606177624
E,126,H,-0.128194065960584
E,126,R,-0.025196054416315602
E,126,G,-0.08134261027919218
E,126,N,-0.23589705934544386
E,126,Q,-0.12551586183722543
E,126,A,-0.02970098977505576
E,126,S,-0.026446668133141393
E,126,T,-0.031878698479201745
E,126,P,-0.02998504327349574
E,126,C,-0.09983320037922991
E,126,V,-0.0172927903740906
E,126,Y,9.33000525590727e-5
E,126,M,0.1914049196529597
E,126,I,-0.04660930367536996
E,126,L,-0.012038416388793867
E,126,F,-0.07766268890345185
E,126,W,-0.0510152373648623
E,126,*,-0.336469375580408
S,127,D,-0.19183750158645113
S,127,E,0.025926375128601926
S,127,K,0.023631863816672958
S,127,H,-0.04254841988383809
S,127,R,-0.06711190820024551
S,127,G,-0.051224490703873894
S,127,N,-0.13377462260807266
S,127,Q,0.23709514444606172
S,127,A,-0.009830266461920456
S,127,S,-0.06472866037077582
S,127,T,-0.04842878298815867
S,127,P,0.029849654272375167
S,127,C,0.09445269826686868
S,127,V,-0.10651432417113593
S,127,Y,0.05723608654755209
S,127,M,-0.0020996985733441886
S,127,I,0.014022477817951944
S,127,L,-0.004955518052779365
S,127,F,-0.08574945056325604
S,127,W,-0.026831924446824404
S,127,*,-0.28158224715496216
R,128,D,-0.055968733854121766
R,128,E,-0.01940881624649742
R,128,K,-0.19248824139880874
R,128,H,-0.014907028219504945
R,128,R,0.004133245187337526
R,128,G,-0.0012935336925288705
R,128,N,-0.2121566942914817
R,128,Q,-0.06533974170025553
R,128,A,-0.0523654237032332
R,128,S,-0.029262259135978488
R,128,T,-0.0981372304899112
R,128,P,-0.0022742973092412487
R,128,C,-0.14239826927121263
R,128,V,-0.014638425690684045
R,128,Y,0.018258561359739814
R,128,M,-0.10256802234204382
R,128,I,0.033516358698017695
R,128,L,-0.003971478687815451
R,128,F,-0.0010533104680180202
R,128,W,-0.05704552182412578
R,128,*,-0.1589141189578011
Q,129,D,-0.04441126572568044
Q,129,E,0.10210772736044385
Q,129,K,0.07987481719064479
Q,129,H,-0.044449532300804555
Q,129,R,-0.0014246900180812407
Q,129,G,-0.09657632267247408
Q,129,N,-0.133398090510806
Q,129,Q,0.011869075376505478
Q,129,A,-0.0097642871108206
Q,129,S,-0.03341806929097741
Q,129,T,-0.14629104886311756
Q,129,P,-0.035701434276815415
Q,129,C,-0.11930216896570123
Q,129,V,0.053225391408610954
Q,129,Y,-0.06089417686757215
Q,129,M,0.014739357657714306
Q,129,I,-0.030175751910519105
Q,129,L,-0.05098085280384998
Q,129,F,-0.07846723689084327
Q,129,W,-0.2144663886635101
Q,129,*,-0.074346091847465115
A,130,D,-0.2772352414180537
A,130,E,-0.08183149512090336
A,130,K,-0.09067262166288816
A,130,H,-0.06636071894754608
A,130,R,-0.06342849859391249
A,130,G,0.058909066683482475
A,130,N,-0.05755947823412208
A,130,Q,-0.03216313170665139
A,130,A,0.005310186430329521
A,130,S,-0.054245365046377725
A,130,T,-0.15453129151286943
A,130,P,-0.08299599314147837
A,130,C,-0.005950983643398515
A,130,V,-0.16867277437111466
A,130,Y,-0.2973802541470134
A,130,M,0.13790078381021267
A,130,I,0.10406284967643875
A,130,L,-0.004021202720079005
A,130,F,-0.06985496158564423
A,130,W,-0.1414684741562786
A,130,*,0.06455738813702708
Q,131,D,0.20042401174720587
Q,131,E,-0.12638286960419065
Q,131,K,-0.08981305051553783
Q,131,H,-0.07977955099456485
Q,131,R,-0.04499248148732271
Q,131,G,-0.1317085475341028
Q,131,N,0.07012895724945226
Q,131,Q,0.011869075376505478
Q,131,A,0.060251406345511564
Q,131,S,-0.031156533691930603
Q,131,T,-0.21225080420979542
Q,131,P,-0.13824443314781487
Q,131,C,-0.14823039728556467
Q,131,V,0.04973911686013739
Q,131,Y,-0.16574837356135005
Q,131,M,-0.1170072162376357
Q,131,I,0.15310407116092173
Q,131,L,-0.05936768408306836
Q,131,F,-0.11631193224834163
Q,131,W,-0.29087728265835516
Q,131,*,0.0018044432613447958
D,132,D,0.011869075376505478
D,132,E,-0.13775676427354705
D,132,K,-0.00960314542007584
D,132,H,-0.08529972239836563
D,132,R,-0.020544613179010476
D,132,G,-0.04382852130611753
D,132,N,-0.00478857239069725
D,132,Q,-0.08634804013815399
D,132,A,-0.025939038274467398
D,132,S,-0.1502942966966548
D,132,T,0.022610910188341195
D,132,P,-0.05634482387426125
D,132,C,-0.2845368104410458
D,132,V,-0.061821692458259525
D,132,Y,0.05936784595761752
D,132,M,-0.06280681509710925
D,132,I,-0.028967629216280297
D,132,L,-0.13486081813097406
D,132,F,-0.37060914247655874
D,132,W,-0.1508200339075395
D,132,*,-0.17928436022595856
L,133,D,-0.02189120589695258
L,133,E,0.006676929296558486
L,133,K,-0.09919537268795221
L,133,H,-0.07435096646410658
L,133,R,-0.09050191065214175
L,133,G,-0.07058609228558667
L,133,N,-0.16722788292296215
L,133,Q,0.028453646596497767
L,133,A,-0.025318164176881517
L,133,S,-0.08156215797287301
L,133,T,-0.09484285397261988
L,133,P,-0.13957157938444625
L,133,C,0.06794672780650625
L,133,V,-0.09694240216453885
L,133,Y,-0.061855343723104785
L,133,M,0.010323994682960136
L,133,I,0.06984218505304349
L,133,L,-0.08856752360537688
L,133,F,0.03212568075629974
L,133,W,-0.013293759247002948
L,133,*,-0.1023992769142053
A,134,D,0.043769302645815536
A,134,E,-0.0975612230483079
A,134,K,-0.2031920776080175
A,134,H,-0.06769054492027288
A,134,R,0.0474416604539345
A,134,G,-0.07498906396090349
A,134,N,-0.07034004569135224
A,134,Q,-0.0938630175039668
A,134,A,0.03841888912860334
A,134,S,-0.14919716820739623
A,134,T,0.012122432536318381
A,134,P,-0.05232419315363006
A,134,C,-0.16498160263492664
A,134,V,-0.10979452503018017
A,134,Y,-0.03200287921636361
A,134,M,-0.0688825268616411
A,134,I,-0.07201466780348766
A,134,L,-0.06489242795688681
A,134,F,-0.1861425431708929
A,134,W,-0.0896904495440809
A,134,*,-0.007518067575230224
R,135,D,-0.06097768282180257
R,135,E,-0.12744921840424558
R,135,K,-1.3650242020948888e-4
R,135,H,-0.025629549596468
R,135,R,-0.06720333783480492
R,135,G,-0.13970798585432806
R,135,N,-0.10961360037936266
R,135,Q,-0.3025466919766676
R,135,A,0.07267226545447182
R,135,S,-0.07866086535507512
R,135,T,0.020956672304766857
R,135,P,-0.0354706351249405
R,135,C,0.03394926177042797
R,135,V,-0.139479167227389
R,135,Y,-0.08609817603699477
R,135,M,-0.2749332882514131
R,135,I,0.0041380766432337
R,135,L,-0.07695264078423578
R,135,F,0.016424728863158267
R,135,W,-0.008474285436754825
R,135,*,-0.0708960724802246
S,136,D,-0.12039072172254195
S,136,E,-0.04012828614364983
S,136,K,-0.0849601453024629
S,136,H,-0.10674835186560294
S,136,R,-0.061558360858359
S,136,G,-0.03914435483516082
S,136,N,-0.041791538324266256
S,136,Q,-0.32454328184119213
S,136,A,-0.01739188064477161
S,136,S,0.03345015230461952
S,136,T,-0.10970434334199232
S,136,P,-0.033626811531173056
S,136,C,-0.030572741474572996
S,136,V,-0.09123275935823057
S,136,Y,-0.10994468247029837
S,136,M,0.2321066916303766
S,136,I,-0.1875989343319344
S,136,L,0.03892304812122055
S,136,F,-0.12746166691227992
S,136,W,-0.17759169951264892
S,136,*,-0.20579874639964266
Y,137,D,0.025981064844613246
Y,137,E,-0.5321431926706031
Y,137,K,-0.11096099450878465
Y,137,H,-0.01697599009884418
Y,137,R,-0.16940042724500753
Y,137,G,-0.11411010451318655
Y,137,N,-0.09249569792515747
Y,137,Q,0.0035094745069693817
Y,137,A,0.10287279850743368
Y,137,S,-0.16633119706975455
Y,137,T,-0.18780289288487215
Y,137,P,0.030778071836252984
Y,137,C,0.06205739750377915
Y,137,V,-0.00380856466311116
Y,137,Y,0.011869075376505478
Y,137,M,0.14712181100683405
Y,137,I,0.0024889234803654806
Y,137,L,-0.07661511562787748
Y,137,F,0.0723077023411037
Y,137,W,0.03331600860409169
Y,137,*,-0.05972902697544016
G,138,D,0.03670038434017854
G,138,E,-0.10886440142485482
G,138,K,-0.22171463759716742
G,138,H,-0.2709257108633926
G,138,R,-0.17562456550285888
G,138,G,0.03639853142655246
G,138,N,-0.0780487188951245
G,138,Q,0.11271684430446391
G,138,A,-0.02310296489583962
G,138,S,0.023650925164067634
G,138,T,-0.14626930771929245
G,138,P,-0.042664323902527744
G,138,C,0.0762224958706989
G,138,V,-0.1288278170936098
G,138,Y,-0.07937063180880909
G,138,M,-0.02450588099414841
G,138,I,0.03418656251148187
G,138,L,-0.00973711955869155
G,138,F,-0.2933897604501929
G,138,W,0.279673185238066
G,138,*,-0.38830847235606647
I,139,D,-0.12104809628567538
I,139,E,-0.13854230399123865
I,139,K,0.12561290944934306
I,139,H,0.035713275035630855
I,139,R,-0.050119740754341446
I,139,G,-0.088526780523795
I,139,N,-0.05399421141231993
I,139,Q,-0.03424602413988549
I,139,A,-0.07898579844757543
I,139,S,0.020135429948456577
I,139,T,0.006068871546198933
I,139,P,-0.19633841250299236
I,139,C,-0.08615131925119227
I,139,V,-0.05312936461019889
I,139,Y,-0.16953076595036023
I,139,M,-0.04948850325751074
I,139,I,0.011869075376505478
I,139,L,0.037769924866192385
I,139,F,-0.07779990441395734
I,139,W,-0.30280387029566747
I,139,*,0.02164310505198524
P,140,D,-0.1748130791198131
P,140,E,-0.1055537610340453
P,140,K,0.08641926559314858
P,140,H,-0.049247781137383755
P,140,R,-0.1816339838840068
P,140,G,-0.14509471427099252
P,140,N,-0.15600400243753113
P,140,Q,-0.052230446265625965
P,140,A,-0.040547323290807305
P,140,S,-0.0295420929347444
P,140,T,-0.07937071380164672
P,140,P,-0.03919300236161326
P,140,C,0.03771493127769086
P,140,V,-0.03769800427452953
P,140,Y,-0.07854598822362956
P,140,M,-0.2655246272568559
P,140,I,-0.08825457028127895
P,140,L,-0.02886534191296708
P,140,F,-0.013485026414871697
P,140,W,-0.2385818402978483
P,140,*,0.11922091082619408
Y,141,D,-0.04109132526769817
Y,141,E,0.013293840008638678
Y,141,K,-0.018556439702167513
Y,141,H,-9.715039468838511e-5
Y,141,R,-0.09075880903586706
Y,141,G,0.0055486440885504345
Y,141,N,-0.08157010045540881
Y,141,Q,-0.149914370444435
Y,141,A,-0.035667506341547375
Y,141,S,-0.09127872423128851
Y,141,T,-0.03368775761764251
Y,141,P,-0.03697313592628765
Y,141,C,0.060927451086059875
Y,141,V,-0.03923709498765933
Y,141,Y,0.011869075376505478
Y,141,M,-0.11881113681638508
Y,141,I,-0.18931445667724073
Y,141,L,-0.03301977599512099
Y,141,F,-0.03465774789702962
Y,141,W,-0.09388194553940864
Y,141,*,-0.16798898810208895
I,142,D,0.12844560091867466
I,142,E,-0.403989356101437
I,142,K,-0.05318853127591253
I,142,H,0.07167929108008707
I,142,R,-0.27668145903197927
I,142,G,-0.1845181262647591
I,142,N,0.001045753968136942
I,142,Q,0.17286239337870415
I,142,A,-0.06546820324895648
I,142,S,-0.0335023116482829
I,142,T,-0.09136564071133246
I,142,P,-0.0341986548346062
I,142,C,-0.19814184947911279
I,142,V,-0.053493015482007245
I,142,Y,-0.11095619775084521
I,142,M,0.028214980695941944
I,142,I,0.011869075376505478
I,142,L,-0.17106387413769472
I,142,F,-0.1078937212665421
I,142,W,-0.2152848580136862
I,142,*,-0.2793752062693666
E,143,D,-0.19101738567060256
E,143,E,-0.03398742803173074
E,143,K,-0.10194604126261969
E,143,H,0.0044443399635166305
E,143,R,-0.14888340997552033
E,143,G,-0.4055544628992558
E,143,N,-0.051596354359624015
E,143,Q,-0.16366084845795525
E,143,A,-0.1481844411128751
E,143,S,-0.07009347243518918
E,143,T,-0.11000132079030227
E,143,P,-0.04474065342411485
E,143,C,-0.02176346375094978
E,143,V,-0.09518444079579412
E,143,Y,-0.005848749943174931
E,143,M,-0.3398532053825469
E,143,I,-0.045239897778318966
E,143,L,-0.07856177830309032
E,143,F,-0.13956733742921243
E,143,W,-0.6848514524429958
E,143,*,-0.253650829680108
T,144,D,-0.25935999376072516
T,144,E,-0.05061621880295712
T,144,K,-0.08162872380137104
T,144,H,-0.021754312833529812
T,144,R,0.03224695405110997
T,144,G,0.2286713232355185
T,144,N,0.31207839235349677
T,144,Q,0.12750467847439018
T,144,A,-0.0615847569055983
T,144,S,-0.04962501437237536
T,144,T,-0.022593110871161386
T,144,P,0.048824562943511805
T,144,C,-0.03254506489616388
T,144,V,-0.06488681880659296
T,144,Y,-0.030787627593466385
T,144,M,0.2084901013121747
T,144,I,0.22139985746600588
T,144,L,0.36285366869362234
T,144,F,0.15050111404902383
T,144,W,-0.017120562697056675
T,144,*,-0.022563122572046755
S,145,D,0.4706109324087465
S,145,E,0.41069386211416814
S,145,K,0.33956485053539787
S,145,H,0.44392427904172893
S,145,R,0.414554758412519
S,145,G,0.44024588005827303
S,145,N,0.477125084795769
S,145,Q,0.5794829557913311
S,145,A,0.08457953870876084
S,145,S,0.00781273759081795
S,145,T,0.07063153418182465
S,145,P,-0.06127590768140283
S,145,C,0.3510994701527069
S,145,V,0.41723600598960525
S,145,Y,0.4591984160594453
S,145,M,0.3226349346004172
S,145,I,0.21013228818342466
S,145,L,-0.03357985305452174
S,145,F,0.30063225678250505
S,145,W,0.23596886858666266
S,145,*,-0.028905789570970526
A,146,D,-0.08638443613620521
A,146,E,0.048586311657709325
A,146,K,0.16430428158329227
A,146,H,0.30116106957659416
A,146,R,0.09588394783608818
A,146,G,0.2895207042191992
A,146,N,0.47887286780104105
A,146,Q,0.597132977896154
A,146,A,0.06444647044462451
A,146,S,0.43812529035799297
A,146,T,0.435159899238337
A,146,P,0.42826729827427656
A,146,C,0.42889990261318167
A,146,V,0.4576237072620748
A,146,Y,0.274197736132595
A,146,M,0.5481374315985916
A,146,I,0.4791587368636351
A,146,L,0.5716985036074163
A,146,F,0.24502631005367576
A,146,W,-0.033609322490169194
A,146,*,-0.15051753168696208
K,147,D,0.5041641733382245
K,147,E,0.3353998548903051
K,147,K,0.011869075376505478
K,147,H,0.20579777386165607
K,147,R,-0.028276260700717534
K,147,G,0.4516728470122868
K,147,N,0.3344767778184776
K,147,Q,0.13971643704665926
K,147,A,0.019746379414878987
K,147,S,0.1704676090609954
K,147,T,0.2572550077712925
K,147,P,0.23135445909743096
K,147,C,0.007939881216812945
K,147,V,0.10578508298098399
K,147,Y,-0.05851962660850964
K,147,M,0.014023836569295303
K,147,I,-0.05628490048697813
K,147,L,-0.1516962968127131
K,147,F,0.08667841368360901
K,147,W,0.1087183007073283
K,147,*,-0.11328666276965627
T,148,D,-0.112188162669196
T,148,E,-0.01932013931411662
T,148,K,0.043629571649470414
T,148,H,-0.09145027969141678
T,148,R,-0.040595880091200326
T,148,G,0.03151203769125038
T,148,N,0.08808101895676815
T,148,Q,-0.09038046337489308
T,148,A,-0.06164457675500872
T,148,S,0.024184727285050906
T,148,T,-0.051309485363112466
T,148,P,0.5115102801380913
T,148,C,0.19667827531502605
T,148,V,-0.12098208892796927
T,148,Y,-0.0867603443330588
T,148,M,-0.05768954274191372
T,148,I,0.042786798672319444
T,148,L,-0.044663020388149975
T,148,F,-0.03444754660952869
T,148,W,-0.2747535796515557
T,148,*,-0.13967504328035288
R,149,D,-0.161449688853965
R,149,E,-0.19268657868597905
R,149,K,0.021531975877885905
R,149,H,0.15226861705157335
R,149,R,-0.024269992267526224
R,149,G,-0.05954753204695935
R,149,N,-0.11076462450690934
R,149,Q,-0.08256388379540204
R,149,A,-0.08217342219826257
R,149,S,-0.05904952871321291
R,149,T,0.020810019295589177
R,149,P,0.05670547308668766
R,149,C,0.0668589715188
R,149,V,-0.07157523219660317
R,149,Y,-0.005450602951533215
R,149,M,-0.05217271288248483
R,149,I,-0.05890855184604547
R,149,L,0.05458730664432313
R,149,F,-0.024594780598179745
R,149,W,0.09546617308197193
R,149,*,-0.05034250549511517
Q,150,D,0.04180609615347832
Q,150,E,-0.015942390832699063
Q,150,K,-0.10407681929033744
Q,150,H,-0.0819994375465494
Q,150,R,-0.011110960076665538
Q,150,G,-0.06478735828352783
Q,150,N,-0.08758120697870125
Q,150,Q,0.011869075376505478
Q,150,A,0.06650856063535207
Q,150,S,-0.026313926248457013
Q,150,T,0.09090018098117886
Q,150,P,0.027339416789743238
Q,150,C,-0.14915530583803982
Q,150,V,-0.039218354282843516
Q,150,Y,-0.11939974973735189
Q,150,M,-0.08559438608524218
Q,150,I,-0.08042245327401765
Q,150,L,-0.0561591773782089
Q,150,F,-0.2521864784505809
Q,150,W,-0.06969360030520581
Q,150,*,0.07488769688753916
G,151,D,0.06400947668933289
G,151,E,-0.11908312939844548
G,151,K,-0.11068341177699034
G,151,H,-0.08159234020519188
G,151,R,-0.17387198022426206
G,151,G,-0.014780467278003355
G,151,N,0.0024502852275990897
G,151,Q,-0.1302653230763047
G,151,A,-0.09155269996016516
G,151,S,-0.13930517448732405
G,151,T,-0.013323891755827606
G,151,P,0.11356361208044978
G,151,C,0.1860695962297412
G,151,V,0.012504848396829192
G,151,Y,-0.1545114817543768
G,151,M,0.10029784472721061
G,151,I,-0.006746644934869442
G,151,L,-0.07474001221321755
G,151,F,-0.07399629320109326
G,151,W,-0.1269905164303958
G,151,*,-0.29083449271292783
V,152,D,0.32384548256454854
V,152,E,0.22007597144228344
V,152,K,0.37700506687626467
V,152,H,-0.009759916547835371
V,152,R,0.3269758544193806
V,152,G,0.2526549735584087
V,152,N,0.20027789059396234
V,152,Q,0.42896343058570385
V,152,A,0.02474397957954145
V,152,S,0.07439878325577673
V,152,T,0.0444668374559192
V,152,P,-0.06146183858187137
V,152,C,0.024009396509837824
V,152,V,-0.02800052320087175
V,152,Y,0.31921288034228307
V,152,M,0.07641010043371296
V,152,I,-0.19249034963052802
V,152,L,0.021812670375912172
V,152,F,0.2485831202626645
V,152,W,0.3994845895095001
V,152,*,-0.12485334275130328
E,153,D,-0.05934605856380977
E,153,E,0.011869075376505478
E,153,K,0.07166593685522205
E,153,H,-0.1061406920361558
E,153,R,0.09200418869433019
E,153,G,0.1309748071323292
E,153,N,-0.05149805623356253
E,153,Q,0.048607343218210024
E,153,A,-0.024391468983542507
E,153,S,0.006077334774645695
E,153,T,-0.014864765311879425
E,153,P,0.029672485985927297
E,153,C,0.00575249338855268
E,153,V,0.13831193517110252
E,153,Y,0.018770193516499542
E,153,M,0.06259393404418152
E,153,I,-0.0077712285107319895
E,153,L,0.015815935120137396
E,153,F,0.11759284526982654
E,153,W,0.1354812373446458
E,153,*,0.03185836141330665
D,154,D,0.01601259227625826
D,154,E,-0.12538635799915274
D,154,K,0.1904520388751834
D,154,H,6.467082480080899e-4
D,154,R,0.09162748711804446
D,154,G,-0.04450470765489122
D,154,N,-0.14482595646690588
D,154,Q,-0.0689947637010625
D,154,A,-0.04793695325982771
D,154,S,-0.15866359509927203
D,154,T,-0.04368149480276018
D,154,P,-0.04996109871126915
D,154,C,-0.011731894635780782
D,154,V,0.04497138681334291
D,154,Y,0.05128333007930304
D,154,M,-0.19242871687269575
D,154,I,-0.28037347304224086
D,154,L,-0.033771389065255425
D,154,F,-0.005385827876807709
D,154,W,-0.0700083918688763
D,154,*,-0.3395986357955245
A,155,D,-0.058988321742164555
A,155,E,0.01785673117465582
A,155,K,-0.12724192064063666
A,155,H,-0.20987450488675313
A,155,R,-0.024993601595440406
A,155,G,0.08422983642749332
A,155,N,-0.17164869256916476
A,155,Q,-0.12586354830951754
A,155,A,0.0054912284552140105
A,155,S,-0.1689806551984718
A,155,T,-0.01730428366357327
A,155,P,0.24096660278376897
A,155,C,-0.16172469222429087
A,155,V,-0.029706545835298623
A,155,Y,-0.08092753042990275
A,155,M,0.06883309423088309
A,155,I,0.1965036263146132
A,155,L,0.4293848108847981
A,155,F,-0.3331083150620488
A,155,W,-0.0595312915732918
A,155,*,-0.2947001987334042
F,156,D,0.0460109418021748
F,156,E,0.06998679816451737
F,156,K,0.2784033265322408
F,156,H,0.3595882545879916
F,156,R,-0.05419921665204831
F,156,G,0.12470871362501632
F,156,N,0.32209189123887527
F,156,Q,0.35588991094731814
F,156,A,0.08729287045554093
F,156,S,0.3750195510272044
F,156,T,0.44017309331276383
F,156,P,0.018104867952890798
F,156,C,0.2669325421644148
F,156,V,0.15224280892591485
F,156,Y,-0.03963678197279841
F,156,M,0.36513040355447135
F,156,I,0.4307893239357884
F,156,L,0.4367089306194886
F,156,F,0.011869075376505478
F,156,W,-0.08990843076490321
F,156,*,-0.18980263825542085
Y,157,D,-0.12780041306294482
Y,157,E,-0.281542050820276
Y,157,K,0.113291549604387
Y,157,H,-0.08918067787943901
Y,157,R,0.08769187581398542
Y,157,G,-0.00948199165594977
Y,157,N,0.03289852237108526
Y,157,Q,-0.016846746303579106
Y,157,A,-0.13680164908780462
Y,157,S,-0.07875881697853532
Y,157,T,0.10252521690884842
Y,157,P,0.4150257852783983
Y,157,C,-0.05870792811935766
Y,157,V,0.05598953608799577
Y,157,Y,0.011869075376505478
Y,157,M,-0.17026747717672763
Y,157,I,0.06047582142445511
Y,157,L,0.06592582104585187
Y,157,F,0.020286747310920047
Y,157,W,-0.09874506341584847
Y,157,*,0.23643493361788834
T,158,D,-0.1961383864126925
T,158,E,0.019031359553182074
T,158,K,0.15052582549952107
T,158,H,-0.03511351479490496
T,158,R,-0.09232259479859264
T,158,G,0.1007590806465158
T,158,N,0.017248254950070246
T,158,Q,-0.06495434511682936
T,158,A,0.0444459049920534
T,158,S,0.0011000156821238255
T,158,T,0.0335571262804929
T,158,P,-0.07287085334378357
T,158,C,-0.015103785909380586
T,158,V,-0.15966723593710583
T,158,Y,-0.0593700090059507
T,158,M,-0.056500680356682265
T,158,I,-0.09393758327912972
T,158,L,0.004918113837225685
T,158,F,-0.14833657312472293
T,158,W,-0.4474170513150427
T,158,*,-0.050374486076493905
L,159,D,-0.28481210027756493
L,159,E,0.03788421106431808
L,159,K,-0.17157081753941708
L,159,H,-0.06694834915889517
L,159,R,-0.13293517530770138
L,159,G,-0.04980109478259864
L,159,N,0.17612898320637665
L,159,Q,0.06307529065804007
L,159,A,-0.029322267590909015
L,159,S,-0.046427498268593756
L,159,T,-0.027175729519718556
L,159,P,-0.11422333746198743
L,159,C,0.04077919366766368
L,159,V,0.0077316559118664405
L,159,Y,-0.16357764030217983
L,159,M,0.027589578528138127
L,159,I,-0.12447857966208277
L,159,L,-0.0011277352334151565
L,159,F,-0.0746552785343405
L,159,W,0.1263736839852023
L,159,*,0.0203980724202213
V,160,D,-0.08534142809290211
V,160,E,-0.11078431354473336
V,160,K,-0.027640934215396668
V,160,H,-0.06370825738496216
V,160,R,-0.03598587548778001
V,160,G,-0.11700936925450199
V,160,N,-0.17217815780384105
V,160,Q,-0.127747040754095
V,160,A,-3.8222053864073874e-4
V,160,S,-0.16548822211763148
V,160,T,0.11339637423175777
V,160,P,0.024281274485123166
V,160,C,-0.07287432045785222
V,160,V,-0.09544050280020605
V,160,Y,0.009856552278393856
V,160,M,0.030104881901768566
V,160,I,-0.049642430625553444
V,160,L,-0.04556121736997715
V,160,F,0.12916447619591914
V,160,W,-0.04724209989290411
V,160,*,-0.007688362728537309
