mutation,ddg
V10A,-0.291027
V10C,0.553684
V10D,1.09533
V10E,1.29308
V10F,0.448788
V10G,0.517447
V10H,0.545638
V10I,0.2235
V10K,0.702267
V10L,0.799236
V10M,0.352892
V10N,0.65113
V10P,-0.377328
V10Q,0.511666
V10R,0.323032
V10S,0.454331
V10T,0.915754
V10V,0
V10W,0.456119
V10Y,0.340912
P11A,0.234526
P11C,0.447
P11D,0.186548
P11E,0.165569
P11F,0.30092
P11G,1.23342
P11H,0.2682
P11I,-0.067646
P11K,0.17284
P11L,0.000596
P11M,0.145722
P11N,0.355216
P11P,0.002384
P11Q,-0.165986
P11R,0.236135
P11S,0.443424
P11T,-0.054534
P11V,-0.101022
P11W,0.814315
P11Y,0.39336
T12A,0.72712
T12C,0.614774
T12D,1.69592
T12E,1.35679
T12F,0.501057
T12G,1.94016
T12H,0.671156
T12I,-0.33674
T12K,0.25634
T12L,0.229758
T12M,1.60449
T12N,0.707154
T12P,1.06386
T12Q,0.664838
T12R,0.588848
T12S,0.924456
T12T,0.000596
T12V,-0.0769436
T12W,0.813123
T12Y,0.50815
F13A,2.22505
F13C,2.65023
F13D,3.2603
F13E,3.08347
F13F,0.0007748
F13G,4.03152
F13H,1.72941
F13I,0.982923
F13K,2.312
F13L,1.80278
F13M,1.0464
F13N,2.23017
F13P,3.47337
F13Q,2.32142
F13R,2.43144
F13S,3.04157
F13T,2.37393
F13V,1.82275
F13W,-0.674553
F13Y,0.23089
K14A,1.81053
K14C,1.41449
K14D,2.16586
K14E,2.05578
K14F,-0.158417
K14G,3.34612
K14H,1.01576
K14I,0.0477396
K14K,0.0749768
K14L,0.208183
K14M,-0.318681
K14N,1.22234
K14P,2.47859
K14Q,0.830824
K14R,0.437881
K14S,2.20836
K14T,1.12793
K14V,0.322555
K14W,-0.0025032
K14Y,1.00796
L15A,3.29582
L15C,2.53294
L15D,4.17385
L15E,3.58571
L15F,2.23721
L15G,5.40828
L15H,2.61429
L15I,1.24522
L15K,5.13472
L15L,0.0015496
L15M,0.868253
L15N,2.84024
L15P,6.87289
L15Q,2.47102
L15R,4.82265
L15S,4.09547
L15T,2.86616
L15V,1.75814
L15W,2.66197
L15Y,3.5707
V16A,1.37587
V16C,1.53428
V16D,2.90264
V16E,3.37157
V16F,2.92088
V16G,3.69347
V16H,3.35929
V16I,-0.107518
V16K,3.47498
V16L,0.256697
V16M,0.30539
V16N,2.47882
V16P,2.67431
V16Q,2.06121
V16R,3.22287
V16S,2.43579
V16T,1.76106
V16V,-0.00149
V16W,7.33491
V16Y,3.55341
L17A,2.91378
L17C,2.51053
L17D,3.77703
L17E,2.89418
L17F,1.75486
L17G,5.13472
L17H,3.02553
L17I,0.80758
L17K,4.55749
L17L,0.0004768
L17M,0.419584
L17N,2.74369
L17P,5.78358
L17Q,2.28453
L17R,3.60205
L17S,3.54477
L17T,2.27523
L17V,0.661202
L17W,2.88738
L17Y,2.71901
V18A,1.87603
V18C,1.65205
V18D,3.74467
V18E,3.36514
V18F,2.50481
V18G,3.25184
V18H,2.30527
V18I,-0.311708
V18K,5.41615
V18L,-0.343534
V18M,0.0883272
V18N,2.27571
V18P,2.50457
V18Q,2.43174
V18R,5.27323
V18S,2.33185
V18T,1.23211
V18V,0.000596
V18W,4.95044
V18Y,3.95029
G19A,1.156
G19C,4.17802
G19D,6.78814
G19E,9.22149
G19F,11.8399
G19G,0.0054832
G19H,9.54434
G19I,10.7821
G19K,13.8085
G19L,9.35297
G19M,8.11096
G19N,7.3277
G19P,20.7646
G19Q,9.75843
G19R,16.6207
G19S,2.37089
G19T,5.04967
G19V,8.40241
G19W,11.9192
G19Y,13.014
D20A,1.14611
D20C,1.33027
D20D,0.005066
D20E,0.93125
D20F,1.21912
D20G,2.38996
D20H,0.689274
D20I,1.21882
D20K,2.14411
D20L,1.12853
D20M,1.00098
D20N,1.42474
D20P,-0.074798
D20Q,0.89096
D20R,2.14381
D20S,1.23998
D20T,1.29183
D20V,0.815924
D20W,1.09634
D20Y,1.0126
G21A,-0.649938
G21C,0.465774
G21D,1.13425
G21E,0.713889
G21F,0.320946
G21G,0.003278
G21H,0.526566
G21I,1.29898
G21K,0.82391
G21L,0.72265
G21M,0.32035
G21N,0.29508
G21P,0.626575
G21Q,-0.36952
G21R,0.613284
G21S,0.342938
G21T,0.670679
G21V,-0.0224692
G21W,0.169204
G21Y,0.149
G22A,1.22478
G22C,1.29958
G22D,1.23521
G22E,1.06982
G22F,-0.015496
G22G,0
G22H,0.548618
G22I,4.47358
G22K,0.487528
G22L,0.414816
G22M,0.982506
G22N,0.52448
G22P,16.7446
G22Q,0.766694
G22R,0.887444
G22S,1.3407
G22T,1.03406
G22V,4.84459
G22W,0.349554
G22Y,-0.038442
T23A,-0.103704
T23C,-0.118902
T23D,1.64079
T23E,3.01814
T23F,5.03078
T23G,1.43934
T23H,4.21134
T23I,-0.355216
T23K,9.62331
T23L,1.15207
T23M,4.98912
T23N,0.939296
T23P,6.67192
T23Q,2.00286
T23R,8.22987
T23S,0.994724
T23T,-0.00149
T23V,-1.5353
T23W,9.90117
T23Y,4.5985
G24A,2.87332
G24C,2.36254
G24D,5.69091
G24E,7.29587
G24F,7.1458
G24G,0
G24H,6.90585
G24I,9.89586
G24K,7.30547
G24L,6.82277
G24M,6.83904
G24N,3.80784
G24P,23.2264
G24Q,5.62535
G24R,8.80679
G24S,4.25544
G24T,5.5428
G24V,7.34791
G24W,13.3165
G24Y,8.0758
K25A,-1.0309
K25C,-1.05224
K25D,1.6626
K25E,2.21235
K25F,0.924098
K25G,0.05811
K25H,0.265578
K25I,-1.28057
K25K,-0.0110856
K25L,-1.67881
K25M,-2.31838
K25N,-0.677354
K25P,3.26405
K25Q,-1.19659
K25R,0.051256
K25S,0.120988
K25T,0.682301
K25V,-0.708823
K25W,0.715021
K25Y,3.89575
T26A,0.222308
T26C,1.41788
T26D,1.44351
T26E,1.39971
T26F,0.193521
T26G,0.60792
T26H,0.640104
T26I,1.63525
T26K,1.04455
T26L,-0.110975
T26M,0.301576
T26N,1.18246
T26P,8.48853
T26Q,0.592126
T26R,1.13806
T26S,0.699406
T26T,0.0012516
T26V,1.51473
T26W,-0.581934
T26Y,0.295437
T27A,0.167178
T27C,0.90294
T27D,2.34139
T27E,2.44062
T27F,5.12238
T27G,1.79223
T27H,5.06433
T27I,1.9665
T27K,5.73549
T27L,1.6533
T27M,0.994962
T27N,2.01776
T27P,8.06555
T27Q,4.01168
T27R,6.49819
T27S,1.23998
T27T,-0.000596
T27V,0.32035
T27W,5.38492
T27Y,5.7775
F28A,3.21393
F28C,3.09682
F28D,4.36928
F28E,3.28503
F28F,0.000298
F28G,4.89525
F28H,1.68042
F28I,2.36254
F28K,3.90648
F28L,0.748576
F28M,0.954792
F28N,3.40233
F28P,11.4322
F28Q,2.83499
F28R,3.48469
F28S,3.94045
F28T,2.90192
F28V,2.00703
F28W,-0.057216
F28Y,0.276246
V29A,1.6651
V29C,1.79265
V29D,2.73987
V29E,2.1366
V29F,3.81911
V29G,3.29296
V29H,3.98259
V29I,-0.536221
V29K,5.28044
V29L,-0.21313
V29M,0.88065
V29N,1.82936
V29P,9.41358
V29Q,1.19403
V29R,3.19081
V29S,2.43043
V29T,1.0793
V29V,5.96e-05
V29W,5.56885
V29Y,4.40891
K30A,0.431802
K30C,0.851267
K30D,1.34994
K30E,0.867478
K30F,-0.174628
K30G,1.78085
K30H,0.572458
K30I,-0.531632
K30K,-0.000596
K30L,-0.380546
K30M,0.001192
K30N,0.61984
K30P,8.61309
K30Q,0.483654
K30R,0.150192
K30S,1.09455
K30T,0.321244
K30V,-0.255982
K30W,-0.04619
K30Y,-0.234228
R31A,0.783144
R31C,0.878504
R31D,2.74786
R31E,2.86795
R31F,1.81774
R31G,2.12951
R31H,2.30205
R31I,-0.513752
R31K,0.974162
R31L,-0.31141
R31M,0.109068
R31N,1.56867
R31P,8.78117
R31Q,1.09515
R31R,-0.002682
R31S,1.97336
R31T,0.589146
R31V,-0.676758
R31W,1.65152
R31Y,1.07876
H32A,0.62431
H32C,0.48723
H32D,2.31188
H32E,1.54632
H32F,-1.33659
H32G,2.47638
H32H,0
H32I,0.764966
H32K,3.21399
H32L,-1.21203
H32M,-0.283517
H32N,0.563518
H32P,6.21032
H32Q,0.454748
H32R,2.87034
H32S,1.53351
H32T,0.536102
H32V,-0.225884
H32W,2.51154
H32Y,-0.428226
L33A,1.84581
L33C,1.6247
L33D,2.69034
L33E,2.11365
L33F,1.6247
L33G,2.85871
L33H,1.73287
L33I,0.413028
L33K,1.62929
L33L,0
L33M,1.44947
L33N,1.76327
L33P,7.47205
L33Q,1.32699
L33R,1.56831
L33S,2.28179
L33T,1.80946
L33V,0.598384
L33W,1.86608
L33Y,1.5496
T34A,0.986678
T34C,1.23932
T34D,0.712518
T34E,0.829632
T34F,-0.306642
T34G,1.88902
T34H,0.187144
T34I,0.612092
T34K,0.018476
T34L,0.018178
T34M,0.739636
T34N,0.792978
T34P,4.85943
T34Q,0.762284
T34R,0.574246
T34S,0.505408
T34T,0.000298
T34V,0.227374
T34W,0.423756
T34Y,-0.463986
G35A,1.42384
G35C,1.86459
G35D,1.49656
G35E,1.37795
G35F,0.52597
G35G,0
G35H,0.831718
G35I,4.79422
G35K,1.02333
G35L,1.02184
G35M,0.812646
G35N,0.79268
G35P,13.4232
G35Q,0.921416
G35R,0.930356
G35S,0.927972
G35T,1.33802
G35V,5.13037
G35W,1.23151
G35Y,0.430908
E36A,-0.084632
E36C,0.31737
E36D,-0.08642
E36E,0.00447
E36F,-0.220222
E36G,-0.095658
E36H,0.045594
E36I,0.21009
E36K,-0.167476
E36L,-0.233036
E36M,0.190422
E36N,-0.154364
E36P,4.77366
E36Q,-0.106684
E36R,-0.3874
E36S,-0.709538
E36T,-0.71222
E36V,-0.211759
E36W,0.007152
E36Y,0.120094
F37A,2.70316
F37C,2.23232
F37D,2.25646
F37E,2.2344
F37F,0
F37G,3.14092
F37H,1.89111
F37I,2.18404
F37K,3.90958
F37L,0.508388
F37M,0.878802
F37N,2.33245
F37P,2.15096
F37Q,2.59916
F37R,3.6803
F37S,2.88524
F37T,2.48443
F37V,1.87472
F37W,1.12495
F37Y,0.831718
E38A,0.920522
E38C,1.01469
E38D,0.144292
E38E,-0.000596
E38F,0.32923
E38G,2.15573
E38H,0.993234
E38I,0.215633
E38K,1.2966
E38L,-0.43657
E38M,-0.04321
E38N,1.29302
E38P,0.681466
E38Q,0.413028
E38R,1.09813
E38S,1.4155
E38T,0.977142
E38V,0.161933
E38W,1.13514
E38Y,0.612748
K39A,0.814434
K39C,0.678844
K39D,0.427034
K39E,0.118604
K39F,0.0580504
K39G,1.12942
K39H,0.22052
K39I,0.260452
K39K,0
K39L,-0.004172
K39M,0.660726
K39N,0.197276
K39P,0.45743
K39Q,0.168072
K39R,0.278928
K39S,0.408856
K39T,-0.124564
K39V,0.137676
K39W,0.197336
K39Y,-0.143994
K40A,0.472032
K40C,0.554578
K40D,0.535208
K40E,0.209196
K40F,0.370414
K40G,1.18705
K40H,0.48127
K40I,-0.220818
K40K,0.00298
K40L,-0.11622
K40M,0.491104
K40N,0.283636
K40P,4.18094
K40Q,0.1192
K40R,0.197514
K40S,0.51852
K40T,0.0064964
K40V,-0.251274
K40W,0.543254
K40Y,0.184462
Y41A,0.292338
Y41C,0.931548
Y41D,0.508984
Y41E,0.754238
Y41F,0.203236
Y41G,1.7737
Y41H,1.04747
Y41I,0.45147
Y41K,-0.050362
Y41L,0.205918
Y41M,0.704174
Y41N,0.534552
Y41P,-0.543552
Y41Q,0.826652
Y41R,0.768542
Y41S,0.838751
Y41T,0.711326
Y41V,0.421372
Y41W,0.59153
Y41Y,-0.025628
I42A,0.741126
I42C,0.845128
I42D,0.355514
I42E,-0.006258
I42F,0.56912
I42G,1.85118
I42H,0.562505
I42I,0.000894
I42K,0.50809
I42L,0.265518
I42M,0.575736
I42N,0.428524
I42P,1.99064
I42Q,0.04768
I42R,0.545996
I42S,0.292934
I42T,0.739338
I42V,-0.062878
I42W,0.851684
I42Y,0.422564
A43A,0.002086
A43C,0.33668
A43D,0.360282
A43E,-0.502428
A43F,0.0066156
A43G,1.48195
A43H,0.915516
A43I,-0.63331
A43K,0.433411
A43L,0.0710432
A43M,0.179873
A43N,0.456238
A43P,-0.869564
A43Q,-0.0148404
A43R,0.539797
A43S,0.140358
A43T,-0.325654
A43V,-0.526268
A43W,-0.211818
A43Y,-0.280001
T44A,1.04401
T44C,0.851803
T44D,0.909079
T44E,4.67264
T44F,4.55827
T44G,2.11282
T44H,3.54525
T44I,0.287212
T44K,1.53273
T44L,0.778197
T44M,1.82918
T44N,2.30157
T44P,2.95169
T44Q,2.39932
T44R,3.05659
T44S,1.49411
T44T,-0.016688
T44V,-0.0329588
T44W,2.78606
T44Y,2.18738
I45A,1.22651
I45C,1.11142
I45D,1.60813
I45E,1.04819
I45F,0.29204
I45G,2.38519
I45H,0.852638
I45I,-0.002086
I45K,0.69285
I45L,0.37399
I45M,1.02333
I45N,1.20613
I45P,1.0728
I45Q,0.856452
I45R,0.918138
I45S,1.52934
I45T,0.984592
I45V,-0.018178
I45W,0.850254
I45Y,0.216825
G46A,0.541764
G46C,3.48511
G46D,0.219626
G46E,1.65867
G46F,2.45308
G46G,0
G46H,2.56667
G46I,3.89021
G46K,0.349554
G46L,2.91414
G46M,2.95795
G46N,-0.0981612
G46P,16.4147
G46Q,0.814136
G46R,3.13764
G46S,0.318383
G46T,2.11765
G46V,3.77596
G46W,2.59105
G46Y,2.50266
V47A,1.11464
V47C,0.744762
V47D,3.45281
V47E,3.09318
V47F,0.47829
V47G,3.21608
V47H,1.70456
V47I,1.6275
V47K,4.16032
V47L,1.65897
V47M,3.06481
V47N,2.29549
V47P,3.33313
V47Q,3.72768
V47R,2.40111
V47S,1.98081
V47T,1.66284
V47V,-0.0025032
V47W,2.78451
V47Y,0.39336
E48A,0.39932
E48C,1.18068
E48D,0.722948
E48E,-0.000596
E48F,0.012516
E48G,1.76267
E48H,0.511904
E48I,-0.565783
E48K,0.760913
E48L,-0.526864
E48M,0.003874
E48N,0.940786
E48P,1.75909
E48Q,0.163304
E48R,0.89698
E48S,1.09873
E48T,0.837976
E48V,0.59147
E48W,-0.461244
E48Y,-0.741126
V49A,2.05888
V49C,1.72286
V49D,2.31176
V49E,1.91036
V49F,1.02214
V49G,3.19605
V49H,1.65426
V49I,-0.0179396
V49K,1.0433
V49L,0.601185
V49M,1.52606
V49N,1.73722
V49P,1.89975
V49Q,0.934647
V49R,0.442768
V49S,1.88992
V49T,1.34893
V49V,-0.004172
V49W,1.60455
V49Y,0.90443
H50A,1.61033
H50C,1.82144
H50D,3.75909
H50E,2.14465
H50F,-0.414756
H50G,4.6755
H50H,-5.96e-05
H50I,0.80007
H50K,1.29761
H50L,0.607264
H50M,0.491819
H50N,0.954136
H50P,3.02148
H50Q,1.28152
H50R,0.952289
H50S,2.28763
H50T,1.72214
H50V,1.02327
H50W,0.260512
H50Y,-0.705247
P51A,1.30292
P51C,1.20112
P51D,0.950739
P51E,0.841612
P51F,0.945018
P51G,1.99708
P51H,0.669844
P51I,0.492117
P51K,0.490627
P51L,0.399797
P51M,1.1445
P51N,0.906278
P51P,0.0003576
P51Q,0.364573
P51R,-0.303006
P51S,0.77474
P51T,0.121465
P51V,0.511904
P51W,1.65217
P51Y,0.809726
L52A,2.55434
L52C,2.36207
L52D,4.1962
L52E,2.82242
L52F,1.85833
L52G,3.78609
L52H,2.78618
L52I,-0.0575736
L52K,2.23345
L52L,5.96e-05
L52M,1.81267
L52N,2.91057
L52P,5.76833
L52Q,2.6401
L52R,2.07617
L52S,2.97857
L52T,2.02425
L52V,0.517745
L52W,3.46759
L52Y,2.17796
S53A,-0.182674
S53C,0.296331
S53D,0.172482
S53E,0.703101
S53F,-0.327264
S53G,0.950978
S53H,0.423518
S53I,-0.77325
S53K,-0.312721
S53L,-0.622343
S53M,0.340316
S53N,0.59892
S53P,0.0731292
S53Q,0.449265
S53R,-0.0687784
S53S,-0.0008344
S53T,-0.13714
S53V,-0.97303
S53W,-0.065858
S53Y,-0.275471
F54A,4.13165
F54C,4.23363
F54D,5.36543
F54E,4.61805
F54F,0.0010728
F54G,6.07598
F54H,2.4821
F54I,2.26629
F54K,3.53994
F54L,2.56191
F54M,2.39944
F54N,3.92692
F54P,5.09938
F54Q,3.94421
F54R,4.12176
F54S,4.75155
F54T,4.12867
F54V,3.18157
F54W,0.643084
F54Y,0.763655
Y55A,1.58488
Y55C,1.72423
Y55D,1.95107
Y55E,2.27142
Y55F,0.0914264
Y55G,2.97982
Y55H,1.13866
Y55I,0.39938
Y55K,1.83598
Y55L,0.9893
Y55M,1.08937
Y55N,1.75671
Y55P,1.4875
Y55Q,1.58709
Y55R,1.65795
Y55S,2.11544
Y55T,1.39243
Y55V,0.565187
Y55W,0.16235
Y55Y,-0.0003576
T56A,1.99714
T56C,1.41461
T56D,4.68837
T56E,4.09518
T56F,2.12993
T56G,3.1293
T56H,3.63494
T56I,1.84486
T56K,4.42816
T56L,2.58795
T56M,2.55475
T56N,2.89406
T56P,4.43484
T56Q,3.22162
T56R,3.36084
T56S,1.90243
T56T,-0.0022052
T56V,1.57225
T56W,3.5071
T56Y,2.49164
N57A,0.396876
N57C,0.453854
N57D,1.74956
N57E,1.20082
N57F,0.87171
N57G,1.62142
N57H,1.08549
N57I,-0.0486932
N57K,0.264028
N57L,0.273922
N57M,0.502249
N57N,-0.0009536
N57P,1.95542
N57Q,0.786958
N57R,0.0260452
N57S,0.383407
N57T,0.477098
N57V,-0.304854
N57W,0.882616
N57Y,1.25303
F58A,1.83222
F58C,1.3944
F58D,1.98039
F58E,1.71523
F58F,0.0003576
F58G,2.39842
F58H,0.729862
F58I,0.526745
F58K,1.35548
F58L,0.10722
F58M,0.405399
F58N,1.27151
F58P,6.17545
F58Q,1.15886
F58R,0.8552
F58S,1.36556
F58T,0.427094
F58V,0.678963
F58W,1.06678
F58Y,0.313854
G59A,4.15543
G59C,4.52322
G59D,3.15123
G59E,4.28005
G59F,4.53383
G59G,0
G59H,4.13868
G59I,4.94829
G59K,4.29084
G59L,4.3626
G59M,4.28309
G59N,3.39392
G59P,16.4502
G59Q,4.17343
G59R,4.10477
G59S,1.26269
G59T,4.18773
G59V,4.9701
G59W,5.03239
G59Y,4.42804
E60A,0.384062
E60C,0.35456
E60D,1.27359
E60E,-0.0008344
E60F,0.778614
E60G,1.72512
E60H,1.93217
E60I,-0.0603748
E60K,0.860505
E60L,-0.201686
E60M,0.077778
E60N,1.13115
E60P,-0.222785
E60Q,0.0789104
E60R,1.12662
E60S,0.985188
E60T,0.246684
E60V,-0.113836
E60W,0.158894
E60Y,0.984115
I61A,2.50952
I61C,2.33513
I61D,3.53529
I61E,2.70071
I61F,-0.99675
I61G,4.01972
I61H,1.62595
I61I,-0.171112
I61K,1.78734
I61L,0.675924
I61M,0.644753
I61N,2.43681
I61P,4.67473
I61Q,1.48046
I61R,1.1178
I61S,2.70721
I61T,1.76517
I61V,0.584974
I61W,0.0584676
I61Y,-0.0326012
K62A,-0.0516136
K62C,0.369043
K62D,2.35974
K62E,0.190303
K62F,-0.183866
K62G,1.79158
K62H,0.577643
K62I,1.32813
K62K,0.0835592
K62L,-0.331495
K62M,-0.298298
K62N,0.807938
K62P,2.50862
K62Q,-0.601304
K62R,-0.746311
K62S,0.60941
K62T,0.0183568
K62V,0.855975
K62W,-0.35909
K62Y,-0.0350448
F63A,4.32505
F63C,4.10835
F63D,5.42426
F63E,4.45725
F63F,-0.0222904
F63G,6.28649
F63H,2.78707
F63I,1.95941
F63K,5.08215
F63L,2.61727
F63M,1.94922
F63N,4.36236
F63P,7.32705
F63Q,3.62112
F63R,5.04133
F63S,4.97374
F63T,3.85028
F63V,2.56995
F63W,2.38781
F63Y,0.87755
D64A,-0.0447596
D64C,0.45898
D64D,0.001192
D64E,-0.635098
D64F,-0.703757
D64G,2.12271
D64H,0.265458
D64I,-0.646481
D64K,0.0011324
D64L,-1.06618
D64M,-0.263313
D64N,-0.281908
D64P,4.54402
D64Q,-0.798163
D64R,0.305569
D64S,0.299311
D64T,-0.099234
D64V,-0.667043
D64W,-0.34115
D64Y,-0.80615
V65A,2.92964
V65C,2.28733
V65D,3.13573
V65E,3.0104
V65F,2.48168
V65G,4.50487
V65H,3.4028
V65I,-0.486038
V65K,6.40849
V65L,0.4858
V65M,1.61939
V65N,2.37893
V65P,3.34714
V65Q,2.36731
V65R,4.32714
V65S,3.21631
V65T,1.84468
V65V,0.001192
V65W,5.94057
V65Y,4.45403
W66A,2.10191
W66C,1.94028
W66D,3.17894
W66E,2.583
W66F,-0.0507792
W66G,4.21825
W66H,1.37187
W66I,1.41925
W66K,2.78707
W66L,0.325237
W66M,1.54048
W66N,2.30765
W66P,5.11231
W66Q,2.56924
W66R,2.61817
W66S,2.94049
W66T,3.34243
W66V,1.11625
W66W,-0.000894
W66Y,-0.0464284
D67A,2.71895
D67C,2.50618
D67D,0.00447
D67E,2.27726
D67F,5.80516
D67G,4.66161
D67H,4.0643
D67I,0.579431
D67K,5.48088
D67L,1.2308
D67M,2.47853
D67N,3.1293
D67P,4.10805
D67Q,2.05066
D67R,4.16378
D67S,3.37783
D67T,2.47048
D67V,0.589623
D67W,2.97285
D67Y,8.14911
T68A,0.75692
T68C,0.0171052
T68D,2.0646
T68E,2.31814
T68F,0.560359
T68G,2.37142
T68H,0.790356
T68I,-1.41288
T68K,2.28906
T68L,-1.31132
T68M,0.0528652
T68N,0.636111
T68P,2.49873
T68Q,1.07769
T68R,3.70837
T68S,1.41473
T68T,0.000894
T68V,-1.44357
T68W,2.56208
T68Y,1.73955
A69A,0.0002384
A69C,1.05933
A69D,4.7944
A69E,6.55344
A69F,8.40652
A69G,1.97187
A69H,7.06218
A69I,3.26042
A69K,9.27531
A69L,5.22841
A69M,5.06606
A69N,3.00032
A69P,1.38278
A69Q,5.36299
A69R,9.27275
A69S,0.718895
A69T,1.95452
A69V,1.85779
A69W,12.4898
A69Y,9.19175
G70A,1.17406
G70C,5.21655
G70D,4.32464
G70E,4.33405
G70F,11.6051
G70G,0.0004768
G70H,3.20851
G70I,10.1083
G70K,5.82822
G70L,8.41188
G70M,2.23125
G70N,5.17018
G70P,3.72387
G70Q,9.92549
G70R,4.63825
G70S,2.73939
G70T,4.73689
G70V,2.96576
G70W,2.54617
G70Y,12.4903
L71A,1.31835
L71C,1.48195
L71D,0.593616
L71E,1.1206
L71F,0.539678
L71G,2.84352
L71H,0.285782
L71I,-0.188455
L71K,1.30405
L71L,0.00149
L71M,0.953898
L71N,1.10856
L71P,3.72887
L71Q,0.932442
L71R,1.0871
L71S,1.7588
L71T,1.08859
L71V,0.018476
L71W,0.294424
L71Y,0.024138
E72A,0.299192
E72C,1.23163
E72D,0.094168
E72E,0
E72F,0.239592
E72G,0.810858
E72H,0.711922
E72I,0.641296
E72K,0.206812
E72L,0.48574
E72M,-0.020264
E72N,0.373156
E72P,0.0106684
E72Q,0.380844
E72R,0.59898
E72S,0.375778
E72T,0.47531
E72V,0.618708
E72W,0.135232
E72Y,0.460708
K73A,0.19519
K73C,0.373394
K73D,0.285484
K73E,0.289537
K73F,0.889828
K73G,1.1467
K73H,0.809368
K73I,0.045892
K73K,0
K73L,0.22499
K73M,0.296212
K73N,0.3576
K73P,3.35429
K73Q,0.0764072
K73R,0.068838
K73S,0.35909
K73T,0.780462
K73V,0.139464
K73W,0.620734
K73Y,0.797567
F74A,1.37467
F74C,1.76303
F74D,1.04181
F74E,2.3098
F74F,0.0144232
F74G,2.56429
F74H,0.766873
F74I,1.9075
F74K,1.82585
F74L,0.439788
F74M,1.28051
F74N,1.16518
F74P,5.73036
F74Q,1.96811
F74R,1.50788
F74S,2.11103
F74T,1.88658
F74V,1.30053
F74W,0.832016
F74Y,-0.0101916
G75A,-1.02494
G75C,-0.42167
G75D,0.263313
G75E,-0.465714
G75F,-2.07706
G75G,0
G75H,-0.453556
G75I,0.742616
G75K,-0.610304
G75L,-1.81422
G75M,-1.16727
G75N,-0.413386
G75P,3.57219
G75Q,-0.83887
G75R,-0.50511
G75S,-0.567988
G75T,-0.536162
G75V,0.755013
G75W,-0.988704
G75Y,0.14
G76A,1.04819
G76C,3.80772
G76D,0.678427
G76E,1.48005
G76F,3.228
G76G,5.96e-05
G76H,3.07685
G76I,4.15793
G76K,0.993353
G76L,3.43147
G76M,3.24701
G76N,0.497362
G76P,5.2007
G76Q,0.937866
G76R,3.24641
G76S,0.966593
G76T,2.11878
G76V,3.33498
G76W,2.8608
G76Y,3.39851
L77A,0.26528
L77C,1.03507
L77D,0.318204
L77E,0.220937
L77F,0.609708
L77G,1.00605
L77H,0.362606
L77I,0.90437
L77K,0.179992
L77L,0.002384
L77M,0.291623
L77N,0.193581
L77P,1.74717
L77Q,0.228864
L77R,0.38293
L77S,0.533241
L77T,1.00563
L77V,1.04419
L77W,0.427451
L77Y,0.419763
R78A,-1.77811
R78C,0.774562
R78D,-1.99344
R78E,-0.0795064
R78F,-0.28167
R78G,-2.62615
R78H,-0.466668
R78I,-0.0491104
R78K,-2.5296
R78L,0.0356408
R78M,0.24579
R78N,-2.42644
R78P,0.684566
R78Q,-1.81011
R78R,-0.0004768
R78S,-1.87949
R78T,-0.59594
R78V,0.691062
R78W,-1.3615
R78Y,0.0644872
D79A,-0.841433
D79C,-0.212116
D79D,-0.0401108
D79E,-0.48878
D79F,-0.436093
D79G,0.199124
D79H,-0.59606
D79I,-0.781594
D79K,-0.681645
D79L,-1.47486
D79M,-1.56373
D79N,-0.246565
D79P,0.203653
D79Q,-0.849062
D79R,-0.893523
D79S,-0.701432
D79T,-0.537711
D79V,-0.693804
D79W,-1.12453
D79Y,-0.741603
G80A,-0.507971
G80C,0.0511368
G80D,0.290669
G80E,-0.414518
G80F,-0.0798044
G80G,-0.0134696
G80H,-0.243168
G80I,-0.152636
G80K,-0.404207
G80L,-0.695532
G80M,-0.386446
G80N,-0.203176
G80P,7.20165
G80Q,-0.656315
G80R,-0.355216
G80S,0.087612
G80T,0.170575
G80V,-0.0917244
G80W,-0.875464
G80Y,-0.0367136
Y81A,2.74243
Y81C,2.7655
Y81D,3.20815
Y81E,3.28462
Y81F,0.464999
Y81G,4.38185
Y81H,2.21909
Y81I,1.98998
Y81K,4.10024
Y81L,1.41133
Y81M,1.50389
Y81N,2.43287
Y81P,6.91128
Y81Q,2.85675
Y81R,4.10513
Y81S,3.23795
Y81T,2.50362
Y81V,3.71856
Y81W,0.795183
Y81Y,0.14453
Y82A,2.5038
Y82C,2.38483
Y82D,2.97189
Y82E,3.57081
Y82F,-0.106863
Y82G,4.25765
Y82H,1.83789
Y82I,1.65038
Y82K,3.85183
Y82L,0.486336
Y82M,1.47653
Y82N,2.01555
Y82P,7.08865
Y82Q,2.91492
Y82R,3.32938
Y82S,3.29218
Y82T,2.17242
Y82V,2.02127
Y82W,0.915754
Y82Y,-0.0120392
I83A,0.446642
I83C,0.859253
I83D,0.711445
I83E,0.48568
I83F,0.172482
I83G,1.39351
I83H,0.642071
I83I,-0.0024436
I83K,0.341985
I83L,0.139822
I83M,0.267962
I83N,0.454748
I83P,3.9516
I83Q,-0.0281312
I83R,-0.248174
I83S,0.775813
I83T,0.557618
I83V,-0.0511964
I83W,0.0428524
I83Y,-0.142265
N84A,0.965043
N84C,1.41985
N84D,0.361116
N84E,0.736358
N84F,0.87165
N84G,0.221116
N84H,0.559644
N84I,4.7534
N84K,0.602377
N84L,1.01117
N84M,1.37908
N84N,0.001192
N84P,15.7927
N84Q,0.820096
N84R,0.998181
N84S,0.870577
N84T,2.18851
N84V,4.58461
N84W,1.25905
N84Y,0.770628
A85A,-0.0004768
A85C,1.10731
A85D,3.43803
A85E,4.43335
A85F,1.04848
A85G,2.0919
A85H,2.80275
A85I,2.01913
A85K,3.68465
A85L,1.17787
A85M,0.756026
A85N,2.62872
A85P,5.8551
A85Q,2.10281
A85R,2.90532
A85S,1.64353
A85T,1.05528
A85V,0.569716
A85W,7.45328
A85Y,6.05834
Q86A,0.857942
Q86C,1.5164
Q86D,-0.183091
Q86E,0.311887
Q86F,0.764608
Q86G,2.43245
Q86H,0.109724
Q86I,0.780998
Q86K,0.722769
Q86L,0.170277
Q86M,0.751675
Q86N,0.105015
Q86P,3.79795
Q86Q,0.0010132
Q86R,1.13496
Q86S,1.50383
Q86T,0.847989
Q86V,0.365825
Q86W,0.806805
Q86Y,0.584676
C87A,0.143159
C87C,0.0532824
C87D,2.9775
C87E,3.12805
C87F,4.37845
C87G,2.06943
C87H,4.17605
C87I,2.83255
C87K,7.74514
C87L,1.18735
C87M,2.03433
C87N,1.70855
C87P,6.88267
C87Q,2.64666
C87R,6.64713
C87S,1.21524
C87T,1.41616
C87V,1.11428
C87W,6.12104
C87Y,5.21512
A88A,-0.0042912
A88C,0.655779
A88D,5.13776
A88E,5.34088
A88F,3.7849
A88G,1.84075
A88H,4.02324
A88I,5.57534
A88K,7.75134
A88L,3.66713
A88M,3.81315
A88N,2.51429
A88P,9.02469
A88Q,4.5262
A88R,8.35735
A88S,1.79068
A88T,2.51405
A88V,3.06189
A88W,8.00464
A88Y,4.61566
I89A,4.11693
I89C,3.60944
I89D,5.25046
I89E,3.90672
I89F,1.91656
I89G,6.19852
I89H,3.57046
I89I,-0.0028012
I89K,7.09198
I89L,1.03942
I89M,1.9724
I89N,4.18046
I89P,6.83207
I89Q,3.02327
I89R,5.1194
I89S,4.86151
I89T,3.021
I89V,1.07256
I89W,5.25171
I89Y,2.61799
I90A,3.64776
I90C,3.03835
I90D,3.67261
I90E,2.72843
I90F,3.21375
I90G,5.67285
I90H,3.80027
I90I,0.0010132
I90K,5.38969
I90L,0.778138
I90M,1.29165
I90N,3.08567
I90P,4.46029
I90Q,2.25252
I90R,4.32142
I90S,4.18791
I90T,2.69315
I90V,1.0433
I90W,5.79312
I90Y,7.0123
M91A,2.50952
M91C,1.97175
M91D,3.56742
M91E,3.08853
M91F,0.413266
M91G,3.99928
M91H,2.59767
M91I,0.438239
M91K,4.0267
M91L,0.478111
M91M,0.0033376
M91N,2.7295
M91P,4.79899
M91Q,1.82072
M91R,3.38605
M91S,3.05557
M91T,1.77823
M91V,0.609112
M91W,2.20401
M91Y,1.38796
F92A,4.67622
F92C,4.38328
F92D,5.69955
F92E,5.17298
F92F,0.00298
F92G,6.36081
F92H,2.85103
F92I,2.86795
F92K,6.45528
F92L,2.67693
F92M,3.27353
F92N,4.66579
F92P,5.86255
F92Q,5.24242
F92R,6.28333
F92S,5.13365
F92T,4.56393
F92V,3.72351
F92W,1.43904
F92Y,1.08418
D93A,1.68555
D93C,2.0475
D93D,-0.0357004
D93E,2.03933
D93F,5.24611
D93G,3.30244
D93H,4.11794
D93I,2.89346
D93K,4.08111
D93L,1.7436
D93M,2.56477
D93N,1.45764
D93P,5.13937
D93Q,2.52722
D93R,3.52093
D93S,1.51497
D93T,2.67252
D93V,1.54835
D93W,3.48851
D93Y,5.15784
V94A,1.38427
V94C,1.30184
V94D,3.36353
V94E,3.99523
V94F,2.54254
V94G,3.21101
V94H,4.26355
V94I,0.725094
V94K,3.3286
V94L,0.926065
V94M,1.6427
V94N,2.33382
V94P,4.5482
V94Q,2.40969
V94R,2.56363
V94S,2.23333
V94T,1.08776
V94V,0.0048872
V94W,5.54536
V94Y,3.54769
T95A,1.25273
T95C,1.07179
T95D,2.95932
T95E,3.02095
T95F,5.79348
T95G,2.02598
T95H,4.66328
T95I,0.814374
T95K,2.5988
T95L,0.688559
T95M,2.76133
T95N,1.63525
T95P,6.65029
T95Q,2.02032
T95R,2.36088
T95S,0.981195
T95T,-0.0022648
T95V,1.15678
T95W,6.4877
T95Y,5.24629
S96A,0.084632
S96C,0.514348
S96D,-0.683731
S96E,-0.0907112
S96F,-0.0339124
S96G,1.70194
S96H,0.0690168
S96I,-0.292934
S96K,0.112167
S96L,-0.348302
S96M,0.255267
S96N,-0.515004
S96P,6.50778
S96Q,0.0494084
S96R,-0.0482164
S96S,0.00149
S96T,0.432756
S96V,-0.368924
S96W,0.780879
S96Y,-0.171052
R97A,0.436093
R97C,0.994843
R97D,0.85979
R97E,0.373096
R97F,-0.119975
R97G,1.42325
R97H,0.723186
R97I,0.0354024
R97K,0.199481
R97L,-0.111392
R97M,-0.182316
R97N,0.719491
R97P,-0.39628
R97Q,-0.155914
R97R,-0.0008344
R97S,0.774919
R97T,0.583067
R97V,0.17737
R97W,0.34419
R97Y,-0.199839
I98A,-0.149894
I98C,0.65262
I98D,-0.752569
I98E,-0.773608
I98F,0.0543552
I98G,0.581398
I98H,0.285365
I98I,0
I98K,-0.0675268
I98L,-0.162112
I98M,-0.043806
I98N,-0.071818
I98P,2.71359
I98Q,-0.16539
I98R,0.360103
I98S,0.122478
I98T,0.116816
I98V,0.112942
I98W,-0.095956
I98Y,-0.158715
T99A,0.885298
T99C,1.2482
T99D,2.95223
T99E,3.29582
T99F,1.49221
T99G,2.5867
T99H,1.3227
T99I,1.57213
T99K,2.31433
T99L,2.27803
T99M,1.08579
T99N,1.7635
T99P,5.84187
T99Q,2.08368
T99R,1.51456
T99S,0.785826
T99T,0.0323628
T99V,1.95947
T99W,2.00125
T99Y,1.24671
Y100A,3.13997
Y100C,3.5996
Y100D,4.29495
Y100E,3.91202
Y100F,0.352296
Y100G,4.94495
Y100H,2.18982
Y100I,4.02157
Y100K,5.22024
Y100L,1.52034
Y100M,1.64842
Y100N,3.32967
Y100P,8.93034
Y100Q,3.25523
Y100R,3.81243
Y100S,4.27374
Y100T,3.65193
Y100V,2.92135
Y100W,0.542718
Y100Y,-0.0057812
K101A,0.012218
K101C,0.56173
K101D,0.48127
K101E,0.109068
K101F,-0.207408
K101G,1.05432
K101H,0.285186
K101I,-0.084632
K101K,0
K101L,-0.306344
K101M,0.146556
K101N,0.119796
K101P,6.11109
K101Q,0.042316
K101R,0.227076
K101S,0.538188
K101T,0.432994
K101V,0.126352
K101W,-0.583782
K101Y,-0.115922
N102A,0.842744
N102C,1.19617
N102D,1.99302
N102E,1.29481
N102F,0.824268
N102G,1.81512
N102H,0.441636
N102I,2.1164
N102K,0.854366
N102L,0.47978
N102M,1.16089
N102N,0.000596
N102P,8.05405
N102Q,0.564114
N102R,0.392466
N102S,1.31656
N102T,1.10528
N102V,1.30822
N102W,0.960454
N102Y,0.866286
V103A,-0.765562
V103C,1.81774
V103D,3.86327
V103E,3.81076
V103F,2.8136
V103G,3.00402
V103H,4.83815
V103I,-0.216944
V103K,7.21339
V103L,-2.77116
V103M,1.42593
V103N,2.42036
V103P,9.63082
V103Q,2.23834
V103R,7.42693
V103S,2.80448
V103T,1.66105
V103V,0
V103W,3.02083
V103Y,3.66665
P104A,-2.24066
P104C,-1.43845
P104D,-2.00614
P104E,-2.36326
P104F,-1.86757
P104G,-1.24802
P104H,-2.01686
P104I,-2.2238
P104K,-2.19209
P104L,-2.26093
P104M,-1.50502
P104N,-1.77697
P104P,0
P104Q,-2.45939
P104R,-1.76505
P104S,-1.76714
P104T,-1.84045
P104V,-2.18643
P104W,-1.94683
P104Y,-2.00256
N105A,0.03874
N105C,0.681824
N105D,0.113836
N105E,0.11026
N105F,-0.07897
N105G,0.972672
N105H,0.075096
N105I,-0.708346
N105K,-0.129928
N105L,-0.662156
N105M,0.151682
N105N,0.00149
N105P,4.50487
N105Q,0.067348
N105R,-0.172482
N105S,0.427928
N105T,-0.010132
N105V,-0.591232
N105W,0.112942
N105Y,-0.267008
W106A,2.50928
W106C,2.94382
W106D,3.51312
W106E,2.94555
W106F,1.52004
W106G,4.15507
W106H,1.35709
W106I,2.11258
W106K,3.12006
W106L,2.59302
W106M,2.48073
W106N,2.80293
W106P,7.15939
W106Q,2.40778
W106R,3.01826
W106S,3.19718
W106T,2.691
W106V,2.12748
W106W,-0.0018476
W106Y,0.916886
H107A,1.22544
H107C,1.49453
H107D,1.68459
H107E,1.67267
H107F,-1.40686
H107G,2.76061
H107H,0.0007152
H107I,1.82358
H107K,2.4942
H107L,-0.791905
H107M,1.02703
H107N,1.1476
H107P,9.67606
H107Q,1.70146
H107R,2.1093
H107S,2.1133
H107T,0.951872
H107V,1.42611
H107W,-1.31317
H107Y,-1.46753
R108A,0.247221
R108C,0.924694
R108D,0.526864
R108E,0.320112
R108F,0.642965
R108G,1.16744
R108H,0.68844
R108I,0.187025
R108K,0.591292
R108L,0.059898
R108M,0.532109
R108N,0.526447
R108P,8.31194
R108Q,0.71824
R108R,0.002086
R108S,0.623356
R108T,0.163066
R108V,0.201806
R108W,0.648448
R108Y,0.618588
D109A,-0.184522
D109C,0.746371
D109D,-0.0019072
D109E,0.331197
D109F,-0.0508388
D109G,0.794587
D109H,-0.310218
D109I,0.15639
D109K,-0.243168
D109L,-0.941084
D109M,-0.484548
D109N,-0.228208
D109P,6.48025
D109Q,0.041422
D109R,-1.00086
D109S,0.66454
D109T,0.364871
D109V,0.528533
D109W,-0.873736
D109Y,-0.241559
L110A,3.46806
L110C,3.26656
L110D,4.23392
L110E,3.95887
L110F,2.50952
L110G,4.9977
L110H,3.5763
L110I,0.527877
L110K,5.01808
L110L,-0.0005364
L110M,1.2432
L110N,3.44369
L110P,10.6432
L110Q,3.06094
L110R,5.36781
L110S,4.14399
L110T,2.44193
L110V,0.983281
L110W,3.3888
L110Y,3.20082
V111A,0.334356
V111C,0.671692
V111D,1.53619
V111E,0.945077
V111F,0.36213
V111G,1.499
V111H,0.719849
V111I,0.160622
V111K,0.895192
V111L,-0.056918
V111M,-0.471317
V111N,0.983102
V111P,7.08316
V111Q,0.485025
V111R,0.153172
V111S,1.07816
V111T,0.413028
V111V,0
V111W,0.311648
V111Y,-0.035164
R112A,-0.63617
R112C,-0.192627
R112D,-0.0967308
R112E,-0.202223
R112F,-0.227851
R112G,0.29502
R112H,-0.111273
R112I,-0.270822
R112K,-0.287272
R112L,-0.721875
R112M,-0.489137
R112N,-0.453198
R112P,5.9147
R112Q,-0.255803
R112R,0.0016688
R112S,-0.435199
R112T,0.143278
R112V,-0.313794
R112W,-0.0343296
R112Y,-0.281968
V113A,1.38516
V113C,1.59192
V113D,2.72092
V113E,1.87788
V113F,1.18932
V113G,2.91653
V113H,0.611496
V113I,-0.0842744
V113K,0.651726
V113L,0.571028
V113M,1.04681
V113N,1.1082
V113P,5.54328
V113Q,0.557916
V113R,-0.048574
V113S,2.04303
V113T,0.986618
V113V,0.0007152
V113W,1.2668
V113Y,0.890662
C114A,0.0182376
C114C,0.0003576
C114D,2.04345
C114E,1.32741
C114F,4.90907
C114G,1.8538
C114H,3.52689
C114I,0.114611
C114K,1.84253
C114L,-0.375838
C114M,0.205322
C114N,0.111214
C114P,5.48421
C114Q,0.292696
C114R,0.483535
C114S,1.44894
C114T,0.0084632
C114V,-0.227493
C114W,6.19018
C114Y,5.16231
E115A,0.209554
E115C,0.538486
E115D,0.66311
E115E,-5.96e-05
E115F,-0.15055
E115G,0.410227
E115H,0.249545
E115I,0.337753
E115K,-0.251095
E115L,-0.111631
E115M,0.312662
E115N,0.383347
E115P,-1.39065
E115Q,-0.109247
E115R,-0.0904132
E115S,-0.120034
E115T,-0.108949
E115V,0.231069
E115W,-0.535804
E115Y,-0.63319
N116A,0.477277
N116C,1.09622
N116D,0.302947
N116E,0.56763
N116F,0.401883
N116G,1.13908
N116H,0.0507196
N116I,0.573471
N116K,0.582054
N116L,0.541824
N116M,1.16095
N116N,0.0003576
N116P,3.50841
N116Q,0.442292
N116R,0.233394
N116S,0.501176
N116T,0.434961
N116V,0.484488
N116W,0.0267604
N116Y,-0.654408
I117A,2.61227
I117C,2.83791
I117D,4.81014
I117E,3.55019
I117F,2.67169
I117G,4.19691
I117H,2.9555
I117I,-0.0012516
I117K,3.30077
I117L,1.21191
I117M,0.75996
I117N,3.53219
I117P,2.70065
I117Q,2.30604
I117R,2.84083
I117S,3.46246
I117T,2.56262
I117V,1.06005
I117W,3.56485
I117Y,2.27153
P118A,0.72414
P118C,1.44345
P118D,1.48905
P118E,1.52123
P118F,-0.13112
P118G,2.34502
P118H,0.781237
P118I,0.838095
P118K,1.51682
P118L,0.676043
P118M,1.01117
P118N,0.889232
P118P,0.0001788
P118Q,1.23789
P118R,2.02831
P118S,1.48249
P118T,1.85189
P118V,0.970169
P118W,0.025032
P118Y,-0.150788
I119A,2.49688
I119C,2.02002
I119D,4.62633
I119E,2.7025
I119F,1.20094
I119G,4.4613
I119H,2.62574
I119I,0
I119K,2.44205
I119L,1.03966
I119M,0.944302
I119N,3.01785
I119P,5.21166
I119Q,1.77173
I119R,2.32523
I119S,3.26429
I119T,2.11336
I119V,0.612926
I119W,1.53965
I119Y,1.4931
V120A,2.33757
V120C,1.93861
V120D,4.51029
V120E,5.53148
V120F,4.14911
V120G,4.6755
V120H,4.44699
V120I,1.23783
V120K,9.81195
V120L,2.80305
V120M,3.92555
V120N,3.53875
V120P,4.11276
V120Q,4.20722
V120R,12.4032
V120S,3.37938
V120T,1.88586
V120V,-0.0012516
V120W,10.0529
V120Y,8.57763
L121A,3.47629
L121C,3.14795
L121D,4.4219
L121E,2.96409
L121F,0.748278
L121G,5.41383
L121H,2.65607
L121I,1.77751
L121K,6.00816
L121L,0
L121M,0.912834
L121N,3.72399
L121P,5.61718
L121Q,2.32231
L121R,5.02047
L121S,4.18911
L121T,3.01862
L121V,1.34183
L121W,3.16762
L121Y,1.88813
C122A,0.243824
C122C,0
C122D,1.86071
C122E,2.1307
C122F,2.53002
C122G,2.91033
C122H,2.51959
C122I,-1.08371
C122K,4.93256
C122L,-1.78949
C122M,0.919568
C122N,0.904132
C122P,2.91748
C122Q,1.55836
C122R,4.62734
C122S,1.49089
C122T,0.244658
C122V,-1.70992
C122W,7.7002
C122Y,4.48013
G123A,-0.774204
G123C,1.01827
G123D,3.28903
G123E,4.85382
G123F,6.213
G123G,0
G123H,7.91405
G123I,3.05772
G123K,3.59811
G123L,1.10659
G123M,2.23262
G123N,1.63006
G123P,2.56608
G123Q,3.29737
G123R,3.82352
G123S,0.744464
G123T,1.13389
G123V,1.70307
G123W,10.7487
G123Y,7.31411
N124A,0.985784
N124C,1.26859
N124D,1.15117
N124E,4.55344
N124F,1.46974
N124G,2.45057
N124H,2.83547
N124I,1.54441
N124K,4.79863
N124L,-0.263432
N124M,-0.567392
N124N,-0.003278
N124P,4.84161
N124Q,2.83994
N124R,3.09074
N124S,1.58268
N124T,0.895192
N124V,1.40924
N124W,3.31018
N124Y,2.76735
K125A,1.9615
K125C,1.94278
K125D,4.28387
K125E,3.98211
K125F,0.781237
K125G,2.63456
K125H,1.79795
K125I,4.58372
K125K,0.0440444
K125L,1.3472
K125M,1.48535
K125N,1.91495
K125P,17.2968
K125Q,1.75158
K125R,1.35405
K125S,3.05212
K125T,3.66755
K125V,4.54486
K125W,2.10281
K125Y,1.09718
V126A,0.891676
V126C,0.729921
V126D,2.45361
V126E,2.30163
V126F,2.57216
V126G,2.38454
V126H,4.17111
V126I,0.583663
V126K,2.77664
V126L,1.31197
V126M,1.87478
V126N,2.00786
V126P,3.66308
V126Q,1.98009
V126R,2.50105
V126S,1.70432
V126T,0.777422
V126V,0.0002384
V126W,2.83696
V126Y,3.68817
D127A,1.50538
D127C,1.39994
D127D,0.0001788
D127E,1.99392
D127F,2.30485
D127G,2.35348
D127H,2.28536
D127I,1.49876
D127K,2.42542
D127L,2.05465
D127M,1.57773
D127N,1.59877
D127P,5.95064
D127Q,1.7793
D127R,2.29764
D127S,1.7135
D127T,1.78609
D127V,1.43278
D127W,2.39997
D127Y,2.39723
V128A,1.043
V128C,1.12412
V128D,1.22699
V128E,1.08424
V128F,1.2336
V128G,2.14661
V128H,0.861578
V128I,-0.0305748
V128K,1.0346
V128L,0.384897
V128M,1.05593
V128N,0.920164
V128P,6.10733
V128Q,1.25905
V128R,0.859909
V128S,1.51539
V128T,1.09557
V128V,-0.00149
V128W,1.13014
V128Y,1.06714
K129A,0.0786124
K129C,1.04538
K129D,0.070626
K129E,-0.177489
K129F,0.409392
K129G,0.663944
K129H,0.335012
K129I,0.352355
K129K,0.0030992
K129L,0.215275
K129M,0.377924
K129N,0.164198
K129P,-0.368745
K129Q,0.161814
K129R,0.358971
K129S,0.204368
K129T,0.272968
K129V,0.355693
K129W,0.60792
K129Y,0.249605
E130A,-0.0191912
E130C,1.0551
E130D,-1.06571
E130E,0.0079864
E130F,0.182853
E130G,0.738504
E130H,0.305688
E130I,0.615072
E130K,0.115266
E130L,0.094168
E130M,0.621509
E130N,-0.463509
E130P,2.93548
E130Q,-0.0070924
E130R,0.458086
E130S,0.255922
E130T,0.892689
E130V,0.678308
E130W,0.432338
E130Y,0.268558
R131A,2.61
R131C,2.47072
R131D,3.81231
R131E,2.87355
R131F,1.75266
R131G,3.65962
R131H,3.35399
R131I,0.684744
R131K,1.76613
R131L,1.25816
R131M,1.43308
R131N,2.64058
R131P,4.60148
R131Q,1.39398
R131R,0.197753
R131S,3.03531
R131T,2.05942
R131V,1.16226
R131W,1.201
R131Y,1.8718
K132A,0.303245
K132C,0.964686
K132D,1.2628
K132E,0.0392168
K132F,0.34413
K132G,1.70855
K132H,0.533718
K132I,0.399499
K132K,-0.0272968
K132L,-0.35903
K132M,0.414995
K132N,0.368149
K132P,2.63158
K132Q,-0.45898
K132R,0.182018
K132S,0.932204
K132T,0.706081
K132V,-0.205322
K132W,0.799355
K132Y,0.0514944
V133A,2.38293
V133C,1.90571
V133D,3.73805
V133E,3.56033
V133F,4.45647
V133G,5.0278
V133H,5.80772
V133I,0.765562
V133K,5.81458
V133L,1.32032
V133M,1.6871
V133N,2.50052
V133P,8.1677
V133Q,3.46139
V133R,4.44741
V133S,3.31841
V133T,1.8535
V133V,0.0149
V133W,4.85311
V133Y,5.00652
K134A,0.186548
K134C,0.33674
K134D,-0.250797
K134E,0.128974
K134F,-0.642667
K134G,0.456238
K134H,-0.0932144
K134I,-0.508328
K134K,-0.0032184
K134L,-0.55577
K134M,-0.0662156
K134N,-0.394075
K134P,-0.924098
K134Q,-0.0092976
K134R,0.0451768
K134S,0.0531036
K134T,-0.311529
K134V,-0.639866
K134W,-0.574127
K134Y,-1.11088
A135A,-0.00447
A135C,0.676162
A135D,-0.102512
A135E,0.006854
A135F,0.198468
A135G,0.576332
A135H,0.114432
A135I,-0.281312
A135K,-0.35462
A135L,-0.535208
A135M,-0.80311
A135N,0.21158
A135P,-0.87761
A135Q,-0.507792
A135R,-0.749172
A135S,-0.099532
A135T,0.063474
A135V,0.106386
A135W,-0.044402
A135Y,0.0736656
K136A,0.404982
K136C,0.602556
K136D,-0.106386
K136E,-0.090294
K136F,0.369639
K136G,0.557558
K136H,0.362368
K136I,0.44849
K136K,0.002384
K136L,0.101022
K136M,0.757516
K136N,0.084036
K136P,0.525672
K136Q,0.349256
K136R,0.397234
K136S,0.16092
K136T,0.365944
K136V,0.282206
K136W,0.418094
K136Y,0.188932
T137A,0.062878
T137C,0.396638
T137D,-1.06207
T137E,-0.17433
T137F,-0.292934
T137G,1.32908
T137H,-0.427034
T137I,-0.670202
T137K,0.103585
T137L,-0.849896
T137M,-0.842744
T137N,-0.6258
T137P,4.64791
T137Q,-0.506302
T137R,0.667639
T137S,0.621628
T137T,-0.202044
T137V,-0.902046
T137W,0.599814
T137Y,-0.462794
I138A,1.69085
I138C,1.67416
I138D,1.91262
I138E,2.56799
I138F,2.59022
I138G,3.45769
I138H,3.65288
I138I,0
I138K,3.37813
I138L,0.622224
I138M,1.38934
I138N,1.96501
I138P,7.63357
I138Q,1.83485
I138R,3.64573
I138S,2.91355
I138T,2.21265
I138V,0.143934
I138W,3.87662
I138Y,3.34326
T139A,0.857048
T139C,0.7301
T139D,1.04687
T139E,0.66603
T139F,0.53193
T139G,1.57165
T139H,0.215156
T139I,0.06556
T139K,0.348362
T139L,-0.106684
T139M,0.308132
T139N,0.252406
T139P,4.87528
T139Q,0.111154
T139R,-0.013112
T139S,0.809368
T139T,-0.000894
T139V,-0.067646
T139W,0.613046
T139Y,0.324522
F140A,2.80436
F140C,3.04318
F140D,2.77772
F140E,2.71931
F140F,0.0001788
F140G,4.36475
F140H,1.84843
F140I,1.17662
F140K,3.53213
F140L,1.62344
F140M,1.93837
F140N,2.94758
F140P,7.78883
F140Q,2.95068
F140R,3.67625
F140S,3.27877
F140T,2.24877
F140V,1.87776
F140W,1.09998
F140Y,1.097
H141A,0.206812
H141C,0.728193
H141D,1.77846
H141E,1.84283
H141F,-1.30166
H141G,1.90869
H141H,0
H141I,0.894298
H141K,1.56927
H141L,0.871352
H141M,1.2305
H141N,0.722948
H141P,3.00146
H141Q,0.471436
H141R,1.24415
H141S,1.15624
H141T,1.57702
H141V,0.579312
H141W,-1.52069
H141Y,-1.63662
R142A,0.222308
R142C,0.6407
R142D,0.283696
R142E,-0.04023
R142F,-0.106386
R142G,0.921118
R142H,0.067646
R142I,-0.418392
R142K,-0.097744
R142L,-0.568584
R142M,0.101022
R142N,0.103704
R142P,7.21965
R142Q,-0.060792
R142R,0.001788
R142S,0.519712
R142T,0.407068
R142V,-0.266114
R142W,0.176356
R142Y,-0.390976
K143A,0.0969096
K143C,0.653991
K143D,0.420836
K143E,0.188515
K143F,0.197514
K143G,0.982387
K143H,0.184939
K143I,0.409333
K143K,0.0009536
K143L,-0.0305748
K143M,0.170218
K143N,0.179456
K143P,4.25985
K143Q,0.128974
K143R,0.136365
K143S,0.473164
K143T,0.448669
K143V,0.399022
K143W,0.602735
K143Y,0.0359388
K144A,-0.158238
K144C,0.138868
K144D,1.13455
K144E,-0.0067348
K144F,-0.988228
K144G,1.3472
K144H,-0.522692
K144I,0.62282
K144K,0
K144L,0.385314
K144M,-0.158953
K144N,-0.355097
K144P,5.9904
K144Q,-0.590696
K144R,0.255446
K144S,0.714306
K144T,0.0824864
K144V,-0.003576
K144W,-0.723782
K144Y,-1.10337
N145A,0.808772
N145C,1.2988
N145D,0.449324
N145E,0.506183
N145F,0.770926
N145G,0.498673
N145H,0.383049
N145I,4.45689
N145K,0.324284
N145L,0.793157
N145M,1.2423
N145N,0.0001788
N145P,2.68438
N145Q,0.317668
N145R,0.627588
N145S,0.604702
N145T,1.51229
N145V,4.17158
N145W,1.27663
N145Y,0.597669
L146A,2.69064
L146C,2.28238
L146D,3.37813
L146E,2.23351
L146F,2.13594
L146G,4.00715
L146H,2.46845
L146I,0.770211
L146K,2.93554
L146L,0.000596
L146M,0.670083
L146N,2.45743
L146P,5.59519
L146Q,2.15371
L146R,3.54632
L146S,3.29236
L146T,2.13475
L146V,1.25863
L146W,1.34839
L146Y,2.58932
Q147A,-0.14602
Q147C,0.584676
Q147D,0.148702
Q147E,0.352236
Q147F,6.65208
Q147G,1.18246
Q147H,3.90708
Q147I,0.290729
Q147K,0.761688
Q147L,6.97755
Q147M,0.081652
Q147N,0.432696
Q147P,1.55926
Q147Q,0.373096
Q147R,0.799117
Q147S,0.958666
Q147T,1.25547
Q147V,0.217242
Q147W,8.66626
Q147Y,8.08617
Y148A,3.1287
Y148C,2.57859
Y148D,4.91283
Y148E,4.84614
Y148F,0.30247
Y148G,4.84578
Y148H,2.36016
Y148I,2.69601
Y148K,3.57153
Y148L,2.04011
Y148M,1.91495
Y148N,3.38111
Y148P,4.10227
Y148Q,2.78123
Y148R,2.9952
Y148S,3.77059
Y148T,3.90261
Y148V,2.64713
Y148W,2.9148
Y148Y,-0.213368
Y149A,2.17701
Y149C,1.90476
Y149D,2.72706
Y149E,2.87242
Y149F,-0.258366
Y149G,3.69103
Y149H,1.50699
Y149I,1.24528
Y149K,2.50886
Y149L,1.9581
Y149M,1.71022
Y149N,2.84858
Y149P,3.73257
Y149Q,2.11431
Y149R,2.22964
Y149S,2.9024
Y149T,1.88998
Y149V,0.801084
Y149W,0.76139
Y149Y,-0.001192
D150A,1.86935
D150C,2.06454
D150D,0.165688
D150E,0.565008
D150F,0.318562
D150G,2.95264
D150H,1.42808
D150I,1.59841
D150K,2.29591
D150L,0.976546
D150M,2.20383
D150N,0.621032
D150P,1.21286
D150Q,1.29135
D150R,2.58759
D150S,1.51092
D150T,2.15329
D150V,1.38105
D150W,0.0578716
D150Y,0.911284
I151A,2.66978
I151C,2.23023
I151D,4.12045
I151E,3.21095
I151F,0.828142
I151G,4.30401
I151H,2.64326
I151I,0
I151K,4.71311
I151L,1.48404
I151M,0.967606
I151N,3.26477
I151P,5.45549
I151Q,2.28238
I151R,4.01936
I151S,3.28038
I151T,1.92538
I151V,0.489614
I151W,2.27523
I151Y,1.65754
S152A,0.507792
S152C,1.08502
S152D,2.50868
S152E,4.28625
S152F,12.0478
S152G,2.86318
S152H,6.54319
S152I,1.68132
S152K,4.11121
S152L,3.40435
S152M,3.06642
S152N,2.14113
S152P,6.30896
S152Q,2.70971
S152R,3.89105
S152S,-0.009536
S152T,2.13988
S152V,0.728014
S152W,17.987
S152Y,13.1868
A153A,0.006258
A153C,0.750662
A153D,2.13517
A153E,2.30831
A153F,8.58508
A153G,1.77936
A153H,7.97323
A153I,0.451768
A153K,7.08418
A153L,1.46109
A153M,1.16727
A153N,0.832314
A153P,1.12972
A153Q,2.96558
A153R,5.80534
A153S,1.50937
A153T,0.605834
A153V,-0.609112
A153W,7.61831
A153Y,9.77768
K154A,-0.140656
K154C,1.03031
K154D,1.65479
K154E,0.936316
K154F,-0.337038
K154G,1.2072
K154H,0.227076
K154I,1.70402
K154K,0
K154L,-0.655004
K154M,0.113538
K154N,0.827248
K154P,2.84083
K154Q,0.446106
K154R,0.08791
K154S,0.877908
K154T,1.17352
K154V,0.65113
K154W,-0.030694
K154Y,-0.463092
S155A,0.338528
S155C,0.730398
S155D,0.095062
S155E,0.219686
S155F,0.193104
S155G,1.01976
S155H,0.383645
S155I,0.06854
S155K,0.461602
S155L,-0.153768
S155M,0.503322
S155N,0.318562
S155P,6.12569
S155Q,0.217838
S155R,0.610602
S155S,-0.0149
S155T,-0.495574
S155V,0.278451
S155W,0.519712
S155Y,0.0244956
N156A,0.418988
N156C,0.638316
N156D,0.85228
N156E,0.536102
N156F,0.152278
N156G,-0.520904
N156H,0.634442
N156I,3.9333
N156K,0.14453
N156L,0.08791
N156M,0.298
N156N,0
N156P,2.83279
N156Q,0.129034
N156R,0.400512
N156S,0.216348
N156T,0.208898
N156V,4.59188
N156W,0.939594
N156Y,0.358494
Y157A,0.978632
Y157C,1.07399
Y157D,1.40298
Y157E,0.923204
Y157F,0.233334
Y157G,2.02133
Y157H,0.727716
Y157I,0.334654
Y157K,0.709836
Y157L,0.278034
Y157M,0.625502
Y157N,0.981612
Y157P,5.18252
Y157Q,0.721756
Y157R,0.868491
Y157S,1.0874
Y157T,0.318264
Y157V,0.592126
Y157W,0.615966
Y157Y,-0.000596
N158A,1.15833
N158C,1.25279
N158D,1.27693
N158E,1.40596
N158F,0.291444
N158G,1.43398
N158H,0.948892
N158I,5.34672
N158K,1.04121
N158L,0.358792
N158M,0.758112
N158N,0.000298
N158P,5.19027
N158Q,0.651428
N158R,0.988824
N158S,1.7436
N158T,2.53568
N158V,5.06505
N158W,-0.039932
N158Y,0.566796
F159A,0.738444
F159C,1.07191
F159D,1.90094
F159E,2.21742
F159F,0.032184
F159G,2.21086
F159H,1.75582
F159I,-0.068242
F159K,1.47838
F159L,0.210388
F159M,-0.383109
F159N,1.54692
F159P,3.41866
F159Q,1.56659
F159R,1.78144
F159S,1.57821
F159T,0.812467
F159V,-0.195488
F159W,0.782548
F159Y,-0.040528
E160A,0.340137
E160C,0.543135
E160D,0.731054
E160E,0.0008344
E160F,-0.489554
E160G,1.6896
E160H,0.301695
E160I,0.275948
E160K,0.0601364
E160L,-0.427392
E160M,-0.0187144
E160N,0.24436
E160P,3.58607
E160Q,0.187025
E160R,0.516374
E160S,0.706796
E160T,0.139464
E160V,0.069136
E160W,-0.256816
E160Y,-0.736716
K161A,-3.17877
K161C,0.0833208
K161D,0.468873
K161E,0.100903
K161F,4.47352
K161G,-0.294543
K161H,0.423816
K161I,-0.60053
K161K,-0.0016092
K161L,-3.25362
K161M,-0.637064
K161N,-0.150669
K161P,3.84748
K161Q,-0.133564
K161R,-0.0447596
K161S,0.518043
K161T,0.713054
K161V,0.0048276
K161W,0.721756
K161Y,2.39932
P162A,-2.98256
P162C,-1.6843
P162D,-0.537294
P162E,1.0138
P162F,1.72107
P162G,-0.732186
P162H,2.61155
P162I,-0.49909
P162K,2.76419
P162L,-0.166224
P162M,-0.083142
P162N,-0.257651
P162P,0
P162Q,0.797269
P162R,3.70033
P162S,-1.54036
P162T,-1.8262
P162V,-2.33108
P162W,1.50562
P162Y,4.07622
F163A,3.9479
F163C,3.92412
F163D,4.59641
F163E,4.09935
F163F,-0.0003576
F163G,5.98217
F163H,2.46899
F163I,1.91459
F163K,4.3452
F163L,1.49101
F163M,1.60497
F163N,4.09053
F163P,6.57001
F163Q,3.30446
F163R,4.32797
F163S,5.0148
F163T,4.22498
F163V,2.61692
F163W,0.599576
F163Y,0.165032
L164A,1.4307
L164C,2.03474
L164D,2.82623
L164E,1.59072
L164F,2.52126
L164G,2.87957
L164H,1.25756
L164I,0.49468
L164K,1.79098
L164L,0.002086
L164M,0.140954
L164N,2.27612
L164P,10.1386
L164Q,0.981612
L164R,0.97595
L164S,2.60661
L164T,1.66552
L164V,0.755728
L164W,1.43547
L164Y,3.94194
W165A,2.17659
W165C,2.90854
W165D,1.75224
W165E,2.0199
W165F,0.536102
W165G,3.14187
W165H,1.49536
W165I,2.31874
W165K,3.54036
W165L,2.16795
W165M,2.5603
W165N,2.83458
W165P,7.47813
W165Q,2.12408
W165R,2.84334
W165S,2.60124
W165T,1.7135
W165V,1.82102
W165W,0
W165Y,0.535804
L166A,3.14926
L166C,2.8574
L166D,5.0567
L166E,4.53562
L166F,1.88199
L166G,5.30696
L166H,2.73397
L166I,0.826175
L166K,6.48257
L166L,-0.0002384
L166M,1.89981
L166N,3.16697
L166P,10.4669
L166Q,3.04747
L166R,5.919
L166S,4.05334
L166T,3.22722
L166V,1.99022
L166W,4.19119
L166Y,3.436
A167A,-0.0007748
A167C,0.918674
A167D,3.23807
A167E,3.73901
A167F,5.85516
A167G,2.00012
A167H,5.62237
A167I,2.2226
A167K,6.47298
A167L,1.31257
A167M,2.13493
A167N,2.29216
A167P,9.61747
A167Q,3.41037
A167R,5.21738
A167S,1.13979
A167T,1.25726
A167V,1.73448
A167W,6.98435
A167Y,5.76266
R168A,1.35399
R168C,1.66659
R168D,3.9072
R168E,2.68516
R168F,1.64979
R168G,3.2097
R168H,1.8631
R168I,1.66487
R168K,1.03895
R168L,1.85445
R168M,1.1234
R168N,2.20973
R168P,7.68035
R168Q,0.427392
R168R,0.0644276
R168S,2.59111
R168T,2.10704
R168V,2.26271
R168W,0.471198
R168Y,2.18821
K169A,-0.002682
K169C,-0.0761092
K169D,0.999969
K169E,0.121048
K169F,-0.239532
K169G,1.39893
K169H,0.132312
K169I,-0.541108
K169K,-0.0007152
K169L,-0.439669
K169M,-0.308311
K169N,0.307119
K169P,5.86446
K169Q,-0.241201
K169R,0.338766
K169S,0.633429
K169T,0.423577
K169V,-0.0945256
K169W,0.21605
K169Y,-0.187025
L170A,2.50421
L170C,2.08165
L170D,3.18413
L170E,3.11917
L170F,2.09834
L170G,3.88431
L170H,2.46875
L170I,1.27824
L170K,2.7155
L170L,0.0007748
L170M,1.0045
L170N,2.10591
L170P,9.89312
L170Q,2.52138
L170R,2.80227
L170S,3.05295
L170T,2.55225
L170V,1.42837
L170W,10.5294
L170Y,5.40346
A171A,-0.0010728
A171C,0.24436
A171D,0.959441
A171E,0.321304
A171F,-0.637541
A171G,1.36967
A171H,0.540453
A171I,-0.678606
A171K,0.265756
A171L,-0.231486
A171M,-0.74804
A171N,-0.275054
A171P,3.49751
A171Q,0.0240784
A171R,0.472211
A171S,0.446762
A171T,-0.191018
A171V,-0.452543
A171W,-0.700896
A171Y,-0.507375
G172A,0.488839
G172C,0.797448
G172D,0.229102
G172E,0.216765
G172F,0.464999
G172G,-0.0001788
G172H,0.0668712
G172I,4.23351
G172K,-0.0320648
G172L,0.41273
G172M,0.685877
G172N,-0.279405
G172P,15.3608
G172Q,-0.43359
G172R,-0.124922
G172S,0.320946
G172T,0.932859
G172V,4.01638
G172W,0.889768
G172Y,0.24132
N173A,0.749351
N173C,0.866822
N173D,0.210984
N173E,0.32637
N173F,1.17555
N173G,3.56021
N173H,0.552373
N173I,-0.708167
N173K,0.430431
N173L,-0.197812
N173M,0.395625
N173N,0.0362964
N173P,5.24373
N173Q,-0.170456
N173R,0.291563
N173S,1.42218
N173T,0.596894
N173V,-0.241678
N173W,0.427988
N173Y,-0.0432696
P174A,0.92827
P174C,1.54537
P174D,-0.264326
P174E,0.108889
P174F,0.953004
P174G,1.32252
P174H,0.601066
P174I,1.08651
P174K,0.872544
P174L,0.75096
P174M,0.182674
P174N,0.631998
P174P,0
P174Q,0.933336
P174R,1.3227
P174S,0.703876
P174T,1.0275
P174V,1.17263
P174W,0.662752
P174Y,0.42912
Q175A,0.025926
Q175C,0.732484
Q175D,0.018476
Q175E,-0.142921
Q175F,-0.069434
Q175G,0.52001
Q175H,-0.13559
Q175I,0.947759
Q175K,-0.135054
Q175L,-0.127902
Q175M,0.347289
Q175N,-0.27416
Q175P,4.95216
Q175Q,0.027118
Q175R,0.076586
Q175S,-0.133206
Q175T,-0.293292
Q175V,0.267425
Q175W,0.3278
Q175Y,-0.209494
L176A,1.89224
L176C,1.57833
L176D,3.22788
L176E,2.5979
L176F,1.16125
L176G,3.52021
L176H,2.7956
L176I,0.888457
L176K,3.21101
L176L,0.0015496
L176M,-0.0162112
L176N,2.06961
L176P,8.73957
L176Q,1.55824
L176R,2.24275
L176S,2.77712
L176T,1.30315
L176V,0.276008
L176W,0.701909
L176Y,1.04824
E177A,-0.136782
E177C,0.379354
E177D,1.09515
E177E,-0.00149
E177F,-0.286676
E177G,1.08919
E177H,-0.131418
E177I,-0.336144
E177K,-0.077182
E177L,-0.299192
E177M,0.061686
E177N,0.299788
E177P,2.61793
E177Q,-0.021158
E177R,0.246148
E177S,0.0716988
E177T,-0.148225
E177V,-0.45594
E177W,0.036356
E177Y,-0.410644
F178A,3.75993
F178C,3.30494
F178D,4.00649
F178E,4.42542
F178F,-0.396042
F178G,4.71168
F178H,1.88396
F178I,1.66379
F178K,3.16691
F178L,1.30619
F178M,1.38957
F178N,2.74833
F178P,3.1343
F178Q,3.44411
F178R,3.69651
F178S,3.93521
F178T,3.05688
F178V,2.27952
F178W,1.07888
F178Y,0.16688
V179A,1.03346
V179C,0.632654
V179D,1.05319
V179E,1.51986
V179F,1.35709
V179G,2.04845
V179H,0.767648
V179I,0.045594
V179K,0.940786
V179L,0.882974
V179M,0.585689
V179N,1.08484
V179P,3.88181
V179Q,1.27127
V179R,0.752212
V179S,1.28349
V179T,0.334058
V179V,0.082248
V179W,1.42808
V179Y,1.48446
A180A,0.000894
A180C,0.472032
A180D,-0.255088
A180E,-0.044998
A180F,0.629972
A180G,0.47829
A180H,-0.369222
A180I,0.296808
A180K,-0.021754
A180L,0.12963
A180M,0.469946
A180N,0.076586
A180P,-0.76288
A180Q,0.13261
A180R,0.314986
A180S,-0.372798
A180T,0.060494
A180V,0.240188
A180W,0.633846
A180Y,0.325714
S181A,0.368924
S181C,1.23163
S181D,1.61659
S181E,0.823612
S181F,0.800011
S181G,0.569657
S181H,0.447834
S181I,0.967487
S181K,0.577226
S181L,0.568942
S181M,0.869445
S181N,1.16303
S181P,-0.448609
S181Q,0.577047
S181R,0.317906
S181S,0.158476
S181T,0.180171
S181V,0.868551
S181W,0.741603
S181Y,0.695532
P182A,1.07757
P182C,1.61516
P182D,0.888636
P182E,0.985188
P182F,1.13806
P182G,0.997108
P182H,1.08085
P182I,1.31507
P182K,1.06654
P182L,0.884762
P182M,1.3863
P182N,1.06744
P182P,0
P182Q,1.18395
P182R,1.40716
P182S,0.596298
P182T,0.718478
P182V,1.19766
P182W,1.26978
P182Y,1.15123
A183A,0.000596
A183C,0.666924
A183D,0.153768
A183E,-0.152874
A183F,0.63772
A183G,0.03874
A183H,0.314986
A183I,0.250916
A183K,-0.113836
A183L,0.231546
A183M,0.151682
A183N,0.10877
A183P,-0.34121
A183Q,0.057514
A183R,0.228566
A183S,-0.314092
A183T,-0.079268
A183V,0.270286
A183W,1.05224
A183Y,0.460768
